"","V1","V2","V3","V4","V5"
"1",2,6,1.44,1.45836819999386,0.633812899992336
"2",2,4,2.4217816759307,2.44627199997194,2.528952499968
"3",2,9,2.4217816759307,2.43411589995958,2.34589729999425
"4",2,5,2.88000000000001,2.89315650000935,2.67058670002734
"5",2,8,2.03646752981726,2.04640089999884,1.31845590000739
"6",2,8,2.03646752981726,2.04629670002032,1.32997319998685
"7",2,9,2.4217816759307,2.43420379998861,2.30311979999533
"8",2,3,2.03646752981726,2.04638470005011,1.44954739999957
"9",2,7,1.71245824560392,1.71721009997418,1.94328369997675
"10",2,3,2.03646752981726,2.0467613999499,1.30036280001514
"11",2,3,2.03646752981726,2.04659559996799,2.82301270001335
"12",2,9,2.4217816759307,2.434496700007,1.88097549998201
"13",2,10,2.88000000000001,2.89319360000081,2.7185464000213
"14",2,10,2.88000000000001,2.88008039997658,1.59426599997096
"15",2,5,2.88000000000001,2.88065619999543,2.54856289998861
"16",2,1,1.44,1.4466182999895,1.58694309997372
"17",2,7,1.71245824560392,1.71695000003092,1.18742989999009
"18",2,5,2.88000000000001,2.89330399996834,1.44116159999976
"19",2,4,2.4217816759307,2.43424239999149,2.04003959998954
"20",2,4,2.4217816759307,2.43447869998636,1.3117515000049
"21",2,6,1.44,1.44654079998145,0.268917999987025
"22",2,4,2.4217816759307,2.43452190002427,2.87525619997177
"23",2,9,2.4217816759307,2.43465879996074,2.58359299995936
"24",2,5,2.88000000000001,2.88085150002735,2.84495549998246
"25",2,8,2.03646752981726,2.04644100001315,2.15144400001736
"26",2,8,2.03646752981726,2.04639929998666,1.93743829999585
"27",2,9,2.4217816759307,2.43488360004267,2.6586558999843
"28",2,3,2.03646752981726,2.04645080002956,2.51151539996499
"29",2,7,1.71245824560392,1.71777380001731,1.69990379997762
"30",2,3,2.03646752981726,2.04643769998802,1.96793270000489
"31",2,3,2.03646752981726,2.04640219995053,1.99967380001908
"32",2,9,2.4217816759307,2.43440510000801,2.09491119999439
"33",2,10,2.88000000000001,2.89312020002399,3.1169936999795
"34",2,10,2.88000000000001,2.89355819998309,3.14702469995245
"35",2,5,2.88000000000001,2.89322379999794,1.93149109993828
"36",2,1,1.44,1.44693279999774,1.43311290000565
"37",2,7,1.71245824560392,1.71718620002503,1.48848029994406
"38",2,5,2.88000000000001,2.88121910003247,2.61869560001651
"39",2,4,2.4217816759307,2.43457610002952,2.0146778000053
"40",2,4,2.4217816759307,2.4345530999708,2.2021834999905
"41",2,1,1.44,1.44669140002225,1.28946180001367
"42",2,2,1.71245824560392,1.71749200002523,1.33568800002104
"43",2,6,1.44,1.44645999994827,0.797101199976169
"44",2,2,1.71245824560392,1.71672720002243,1.66305519995512
"45",2,1,1.44,1.44666200003121,0.982171999989077
"46",2,7,1.71245824560392,1.71714419999626,1.54595070000505
"47",2,10,2.88000000000001,2.88092650001636,3.44910249998793
"48",2,4,2.4217816759307,2.43488210003125,2.44595669995761
"49",2,3,2.03646752981726,2.04654830001527,2.4047102999757
"50",2,9,2.4217816759307,2.43487569998251,2.34969030000502
"51",2,8,2.03646752981726,2.0464229999925,2.41288309998345
"52",2,2,1.71245824560392,1.71720529999584,1.89551649993518
"53",2,2,1.71245824560392,1.71759140002541,2.04968779999763
"54",2,10,2.88000000000001,2.88092309999047,2.75742860004539
"55",2,7,1.71245824560392,1.71712139999727,1.71103609999409
"56",2,1,1.44,1.44655910000438,1.52697649999755
"57",2,8,2.03646752981726,2.04646799998591,1.80506139999488
"58",2,5,2.88000000000001,2.89304279995849,3.05211389996111
"59",2,6,1.44,1.44667580001988,1.61964779999107
"60",2,6,1.44,1.44661929999711,1.49565940001048
"61",2,9,2.4217816759307,2.43598030001158,2.03655779996188
"62",2,2,1.71245824560392,1.7170811999822,1.6217090000282
"63",2,5,2.88000000000001,2.88008350000018,2.62915819999762
"64",2,10,2.88000000000001,2.89321720000589,2.97268960002111
"65",2,9,2.4217816759307,2.42180850001751,1.86550009995699
"66",2,1,1.44,1.447055800003,1.52839669998502
"67",2,4,2.4217816759307,2.43488120002439,2.33708429994294
"68",2,4,2.4217816759307,2.434505000012,2.4748914000229
"69",2,8,2.03646752981726,2.04674469999736,1.95897249999689
"70",2,1,1.44,1.44706310000038,1.03338509995956
"71",2,9,2.4217816759307,2.4345931999851,2.22899829997914
"72",2,5,2.88000000000001,2.8935261000297,2.9283905000193
"73",2,2,1.71245824560392,1.71718490001513,2.07239950000076
"74",2,4,2.4217816759307,2.43487130000722,1.99429269996472
"75",2,9,2.4217816759307,2.43464799999492,1.96860229998128
"76",2,8,2.03646752981726,2.04672290000599,2.24486510001589
"77",2,8,2.03646752981726,2.0464930999442,2.22055819997331
"78",2,7,1.71245824560392,1.71664479997708,1.46895890001906
"79",2,1,1.44,1.44657329999609,1.69102709996514
"80",2,3,2.03646752981726,2.04637759999605,2.37551099999109
"81",2,4,2.4217816759307,2.43441479996545,2.02101769996807
"82",2,6,1.44,1.44672449998325,1.7401415000204
"83",2,6,1.44,1.44617929996457,1.42101460002596
"84",2,7,1.71245824560392,1.71759680000832,1.9290028999676
"85",2,6,1.44,1.44629709998844,1.76165439997567
"86",2,7,1.71245824560392,1.71686340001179,1.69461269996827
"87",2,5,2.88000000000001,2.8935560999671,2.62950619996991
"88",2,8,2.03646752981726,2.04652570001781,2.25037779996637
"89",2,3,2.03646752981726,2.04644950001966,2.23435520002386
"90",2,3,2.03646752981726,2.04628929996397,2.15712679998251
"91",2,6,1.44,1.44672069995431,1.09608569997363
"92",2,5,2.88000000000001,2.89324549998855,3.22156499995617
"93",2,10,2.88000000000001,2.88139219995355,3.11265549995005
"94",2,2,1.71245824560392,1.71751340001356,1.81087009998737
"95",2,1,1.44,1.44696480000857,1.46366329997545
"96",2,10,2.88000000000001,2.88003589998698,2.58467860001838
"97",2,2,1.71245824560392,1.71709989994997,2.41861310001696
"98",2,10,2.88000000000001,2.89360469998792,2.30609829997411
"99",2,3,2.03646752981726,2.04606800002512,2.26084479998099
"100",2,7,1.71245824560392,1.71669659996405,1.59507819998544
"101",2,4,2.4217816759307,2.43423689994961,2.06866500002798
"102",2,1,1.44,1.44620679999935,1.5241904000286
"103",2,4,2.4217816759307,2.4344592000125,2.35451459995238
"104",2,9,2.4217816759307,2.43452509999042,2.38003709999612
"105",2,5,2.88000000000001,2.88090709998505,2.21133289998397
"106",2,3,2.03646752981726,2.04643889999716,2.59405739995418
"107",2,10,2.88000000000001,2.88084940001136,2.47036999999546
"108",2,4,2.4217816759307,2.43472040002234,2.52113629999803
"109",2,2,1.71245824560392,1.71719410002697,2.25819560000673
"110",2,6,1.44,1.44626729999436,1.20901109999977
"111",2,5,2.88000000000001,2.88084479997633,2.58293229999254
"112",2,7,1.71245824560392,1.71719369996572,1.67391699994914
"113",2,8,2.03646752981726,2.04607199999737,2.27079009998124
"114",2,3,2.03646752981726,2.04676499997731,1.44699419999961
"115",2,1,1.44,1.44709010003135,1.93718359997729
"116",2,7,1.71245824560392,1.71718300000066,1.09440899995388
"117",2,10,2.88000000000001,2.88071960001253,2.334879299975
"118",2,9,2.4217816759307,2.43439860001672,2.16061590000754
"119",2,2,1.71245824560392,1.71819450001931,1.88655629998539
"120",2,5,2.88000000000001,2.89279240003088,3.24512279994087
"121",2,2,1.71245824560392,1.71670719998656,2.66313039994566
"122",2,10,2.88000000000001,2.88144820003072,2.61194759997306
"123",2,3,2.03646752981726,2.04595930001233,2.00268269999651
"124",2,8,2.03646752981726,2.0468573999824,1.75205629999982
"125",2,10,2.88000000000001,2.89315329998499,2.83841760002542
"126",2,8,2.03646752981726,2.04674339998746,2.12648569996236
"127",2,1,1.44,1.44672170002013,1.57915160001721
"128",2,9,2.4217816759307,2.434386500041,2.70386709994636
"129",2,9,2.4217816759307,2.43449920002604,2.7060203999863
"130",2,7,1.71245824560392,1.71716880000895,1.84652520000236
"131",2,6,1.44,1.44661510002334,1.56654739996884
"132",2,6,1.44,1.44673429999966,1.90574179997202
"133",2,2,1.71245824560392,1.71718629996758,1.28392640000675
"134",2,6,1.44,1.44649250002112,1.37008780002361
"135",2,3,2.03646752981726,2.04676520003704,1.55406979995314
"136",2,8,2.03646752981726,2.04636799998116,2.13292309996905
"137",2,1,1.44,1.44620760000544,1.696655799984
"138",2,7,1.71245824560392,1.71714289998636,1.68544309999561
"139",2,5,2.88000000000001,2.89289000001736,2.6961487000226
"140",2,4,2.4217816759307,2.43450400000438,2.68472439999459
"141",2,3,2.03646752981726,2.0470080000232,2.05649240000639
"142",2,5,2.88000000000001,2.88090289995307,3.12500609998824
"143",2,10,2.88000000000001,2.89313019998372,2.91011479997542
"144",2,7,1.71245824560392,1.71713060000911,1.94939740002155
"145",2,2,1.71245824560392,1.71753259998513,1.84592500003055
"146",2,10,2.88000000000001,2.89323800004786,2.95465080003487
"147",2,9,2.4217816759307,2.43496079999022,2.93372899998212
"148",2,1,1.44,1.4462958999793,1.48497519997181
"149",2,4,2.4217816759307,2.43409150000662,2.68503389996476
"150",2,8,2.03646752981726,2.04607800004305,2.07501039997442
"151",2,6,1.44,1.44672619999619,1.56868299999041
"152",2,3,2.03646752981726,2.04647910001222,2.68275999993784
"153",2,6,1.44,1.44673790002707,1.37646270002006
"154",2,1,1.44,1.44636890001129,1.60300010000356
"155",2,3,2.03646752981726,2.04678089998197,1.97474219999276
"156",2,6,1.44,1.44661350001115,1.52197780000279
"157",2,4,2.4217816759307,2.43452710000565,2.30986839998513
"158",2,7,1.71245824560392,1.71667900000466,1.99126520002028
"159",2,8,2.03646752981726,2.04677439999068,1.99373459996423
"160",2,1,1.44,1.44621999998344,1.58870939997723
"161",2,4,2.4217816759307,2.43459809996421,2.2015177999856
"162",2,7,1.71245824560392,1.71751299995231,1.75354860001244
"163",2,5,2.88000000000001,2.88008610001998,2.90667019993998
"164",2,9,2.4217816759307,2.43455399997765,2.48254379996797
"165",2,2,1.71245824560392,1.71751039999072,1.88233589997981
"166",2,9,2.4217816759307,2.43418429995654,2.51561829994898
"167",2,5,2.88000000000001,2.89313380001113,2.82763989997329
"168",2,10,2.88000000000001,2.8931957000168,2.76696039998205
"169",2,6,1.44,1.4470544999931,1.55493759998353
"170",2,8,2.03646752981726,2.04682549997233,2.00448889995459
"171",2,4,2.4217816759307,2.43461970001226,2.19101950002369
"172",2,2,1.71245824560392,1.716962699953,1.89995869999984
"173",2,2,1.71245824560392,1.7168547999463,1.55103400000371
"174",2,8,2.03646752981726,2.04611419996945,2.1867325999774
"175",2,5,2.88000000000001,2.89316279999912,2.87499430001481
"176",2,10,2.88000000000001,2.89307810005266,2.96507739997469
"177",2,3,2.03646752981726,2.04641980002634,2.06389510002919
"178",2,7,1.71245824560392,1.71681529999478,1.77971229999093
"179",2,9,2.4217816759307,2.43488850002177,2.33605619997252
"180",2,1,1.44,1.44667069998104,1.51645599998301
"181",1,1,0.333333333333333,0.341301399981603,0.532367500010878
"182",1,9,0.560597610169143,0.564475099963602,0.434748700005002
"183",1,7,0.396402371667573,0.399370699946303,0.306870099972002
"184",1,5,0.666666666666667,0.670451199985109,0.490497899940237
"185",1,4,0.560597610169143,0.564489700016566,0.459609199955594
"186",1,2,0.396402371667573,0.399841399979778,0.474981500010472
"187",1,10,0.666666666666667,0.669923199980985,0.751967500022147
"188",1,3,0.471404520791032,0.482191600021906,0.572696999995969
"189",1,2,0.396402371667573,0.401043800055049,0.388124799996149
"190",1,1,0.333333333333333,0.341022500011604,0.424682300013956
"191",1,1,0.333333333333333,0.340695099963341,0.474854499974754
"192",1,4,0.560597610169143,0.564356599992607,0.441491000005044
"193",1,6,0.333333333333333,0.341391800029669,0.423982299980707
"194",1,2,0.396402371667573,0.399867800006177,0.647114999999758
"195",1,2,0.396402371667573,0.400305000017397,0.410604299977422
"196",1,6,0.333333333333333,0.341027899994515,0.460867699992377
"197",1,10,0.666666666666667,0.669933600001968,0.654005999967922
"198",1,3,0.471404520791032,0.482127900002524,0.511913299968001
"199",1,10,0.666666666666667,0.670745900017209,0.529829600010999
"200",1,5,0.666666666666667,0.670016899995971,0.501940799993463
"201",1,4,0.560597610169143,0.564547699992545,0.528863799991086
"202",1,9,0.560597610169143,0.564918100018986,0.707954399986193
"203",1,3,0.471404520791032,0.48187819996383,0.462935700023081
"204",1,5,0.666666666666667,0.670637300005183,0.739936699974351
"205",1,8,0.471404520791032,0.482116899976972,0.44799570000032
"206",1,3,0.471404520791032,0.48220070003299,0.409529099997599
"207",1,7,0.396402371667573,0.400276099971961,0.588050199963618
"208",1,8,0.471404520791032,0.482590999978129,0.542794200009666
"209",1,9,0.560597610169143,0.564075499947648,0.418898399977479
"210",1,7,0.396402371667573,0.399414699990302,0.306932499981485
"211",1,10,0.666666666666667,0.669847699988168,0.453479999967385
"212",1,6,0.333333333333333,0.341027699992992,0.330718599958345
"213",1,6,0.333333333333333,0.340618600021116,0.359289399988484
"214",1,4,0.560597610169143,0.564178800035734,0.520762700005434
"215",1,8,0.471404520791032,0.48221210000338,0.302015200024471
"216",1,9,0.560597610169143,0.56407299998682,0.42183299997123
"217",1,8,0.471404520791032,0.481883500004187,0.587688899948262
"218",1,7,0.396402371667573,0.399847200023942,0.465942699986044
"219",1,5,0.666666666666667,0.670014399976935,0.735952999966685
"220",1,1,0.333333333333333,0.341072199982591,0.368010699981824
"221",1,9,0.560597610169143,0.564565900014713,0.435289899993222
"222",1,4,0.560597610169143,0.564292799972463,0.558683999988716
"223",1,9,0.560597610169143,0.564950199972373,0.392036999983247
"224",1,6,0.333333333333333,0.341036099998746,0.290771799976937
"225",1,5,0.666666666666667,0.669926600006875,0.577328699990176
"226",1,1,0.333333333333333,0.340970600023866,0.442151899973396
"227",1,2,0.396402371667573,0.399568099994212,0.305761000025086
"228",1,8,0.471404520791032,0.482517800002825,0.329814500000793
"229",1,3,0.471404520791032,0.482534399954602,0.553957399970386
"230",1,3,0.471404520791032,0.48220449994551,0.747823900019284
"231",1,6,0.333333333333333,0.340713699988555,0.352866299974266
"232",1,1,0.333333333333333,0.341119099990465,0.339031199982855
"233",1,10,0.666666666666667,0.671830900013447,0.492287000000942
"234",1,10,0.666666666666667,0.670057100011036,0.647071999963373
"235",1,3,0.471404520791032,0.482551600027364,0.446808999986388
"236",1,8,0.471404520791032,0.482787900022231,0.485090100031812
"237",1,1,0.333333333333333,0.34073699999135,0.405892300012056
"238",1,4,0.560597610169143,0.564540499995928,0.420948899991345
"239",1,10,0.666666666666667,0.670438599947374,0.514835799986031
"240",1,8,0.471404520791032,0.483600099978503,0.410205699969083
"241",1,5,0.666666666666667,0.670551199989859,0.671280199952889
"242",1,9,0.560597610169143,0.564533700002357,0.803957099968102
"243",1,2,0.396402371667573,0.400328100018669,0.344550799985882
"244",1,7,0.396402371667573,0.399581299978308,0.44306909997249
"245",1,7,0.396402371667573,0.399426900024991,0.34761029999936
"246",1,7,0.396402371667573,0.399429200042505,0.500782300019637
"247",1,2,0.396402371667573,0.400583099981304,0.509833499963861
"248",1,10,0.666666666666667,0.670028399967123,0.464942899998277
"249",1,4,0.560597610169143,0.564172600046732,0.555703599995468
"250",1,1,0.333333333333333,0.341087300039362,0.504998899996281
"251",1,6,0.333333333333333,0.34147290000692,0.33344069996383
"252",1,5,0.666666666666667,0.670541700033937,0.49008280003909
"253",1,8,0.471404520791032,0.482225599989761,0.299932499998249
"254",1,4,0.560597610169143,0.564211199991405,0.571131900011096
"255",1,2,0.396402371667573,0.399438299995381,0.344467399991117
"256",1,6,0.333333333333333,0.342174699995667,0.268969599972479
"257",1,7,0.396402371667573,0.399547900015023,0.290414899995085
"258",1,5,0.666666666666667,0.67074649996357,0.52560250001261
"259",1,9,0.560597610169143,0.564582099963445,0.452193299948703
"260",1,3,0.471404520791032,0.482253300026059,0.480902999988757
"261",1,3,0.471404520791032,0.482205100008287,0.520768899994437
"262",1,1,0.333333333333333,0.341044000000693,0.407932300004177
"263",1,8,0.471404520791032,0.48261890001595,0.508539200003725
"264",1,4,0.560597610169143,0.564744299976155,0.431864999991376
"265",1,8,0.471404520791032,0.482571500004269,0.533881600014865
"266",1,6,0.333333333333333,0.341619200014975,0.393594699969981
"267",1,2,0.396402371667573,0.399548500019591,0.570960499986541
"268",1,6,0.333333333333333,0.341566000017338,0.354846499976702
"269",1,7,0.396402371667573,0.3995212999871,0.389185399981216
"270",1,9,0.560597610169143,0.564553599979263,0.440076900005806
"271",1,9,0.560597610169143,0.564483200025279,0.449438499985263
"272",1,2,0.396402371667573,0.399785200017504,0.430858199950308
"273",1,3,0.471404520791032,0.481820299988613,0.395855899958406
"274",1,1,0.333333333333333,0.341063699976075,0.415318200015463
"275",1,4,0.560597610169143,0.564987500023562,0.515874499978963
"276",1,5,0.666666666666667,0.670074800029397,0.59579319995828
"277",1,1,0.333333333333333,0.340764900029171,0.606805099989288
"278",1,9,0.560597610169143,0.564129899954423,0.569867699989118
"279",1,8,0.471404520791032,0.481853200006299,0.434076400008053
"280",1,6,0.333333333333333,0.341026599984616,0.496890300011728
"281",1,3,0.471404520791032,0.482628399971873,0.527279399975669
"282",1,10,0.666666666666667,0.67075059999479,0.621911599999294
"283",1,6,0.333333333333333,0.341063200030476,0.480500200006645
"284",1,1,0.333333333333333,0.340999100008048,0.377146599988919
"285",1,10,0.666666666666667,0.670381699979771,0.657770199992228
"286",1,4,0.560597610169143,0.564549600007012,0.685709399986081
"287",1,8,0.471404520791032,0.481827399984468,0.43243220000295
"288",1,7,0.396402371667573,0.399827199988067,0.605595099972561
"289",1,5,0.666666666666667,0.670371900021564,0.335952399997041
"290",1,2,0.396402371667573,0.399570199951995,0.451104399980977
"291",1,10,0.666666666666667,0.67037559999153,0.521903200016823
"292",1,9,0.560597610169143,0.564586799999233,0.533990399970207
"293",1,7,0.396402371667573,0.399928500002716,0.825011599983554
"294",1,7,0.396402371667573,0.39954289997695,0.356908999965526
"295",1,3,0.471404520791032,0.482543899968732,0.476747899956536
"296",1,5,0.666666666666667,0.66991749999579,0.592413400008809
"297",1,4,0.560597610169143,0.564172199985478,0.529629299999215
"298",1,10,0.666666666666667,0.669904899958055,0.57856479997281
"299",1,5,0.666666666666667,0.670494900026824,0.722082299995236
"300",1,2,0.396402371667573,0.399898000003304,0.372237899980973
"301",1,5,0.666666666666667,0.670072800014168,0.859053199994378
"302",1,10,0.666666666666667,0.670305699983146,0.988232999981847
"303",1,6,0.333333333333333,0.341000000014901,0.274930899962783
"304",1,4,0.560597610169143,0.564449099998455,0.570503099996131
"305",1,7,0.396402371667573,0.399500500003342,0.40802029997576
"306",1,9,0.560597610169143,0.564480200002436,0.718360700004268
"307",1,6,0.333333333333333,0.340591799991671,0.282063300022855
"308",1,7,0.396402371667573,0.400000300025567,0.585182000009809
"309",1,8,0.471404520791032,0.482160699961241,0.397014499991201
"310",1,3,0.471404520791032,0.482530500041321,0.466597899969202
"311",1,7,0.396402371667573,0.400257100001909,0.356530699995346
"312",1,9,0.560597610169143,0.56408390001161,0.508498199982569
"313",1,8,0.471404520791032,0.482091200014111,0.463984099973459
"314",1,10,0.666666666666667,0.670761699962895,0.443948999978602
"315",1,3,0.471404520791032,0.482102400041185,0.454428299970459
"316",1,5,0.666666666666667,0.670053899986669,0.498942099977285
"317",1,5,0.666666666666667,0.669913599966094,0.561451399989892
"318",1,4,0.560597610169143,0.564359500014689,0.533841399999801
"319",1,1,0.333333333333333,0.340665799973067,0.364950700022746
"320",1,4,0.560597610169143,0.564588600012939,0.532758799963631
"321",1,8,0.471404520791032,0.48215060000075,0.570747999998275
"322",1,1,0.333333333333333,0.341075800010003,0.339789199992083
"323",1,4,0.560597610169143,0.564129000005778,0.581889300025068
"324",1,2,0.396402371667573,0.400377499987371,0.419034000020474
"325",1,5,0.666666666666667,0.670050799963064,0.49707269994542
"326",1,1,0.333333333333333,0.34065789997112,0.312413899984676
"327",1,6,0.333333333333333,0.341088699991815,0.302852900000289
"328",1,1,0.333333333333333,0.341504500014707,0.348969199985731
"329",1,8,0.471404520791032,0.482365300005767,0.533212499984074
"330",1,7,0.396402371667573,0.400241499999538,0.429815999988932
"331",1,10,0.666666666666667,0.670446200005244,0.498348799999803
"332",1,2,0.396402371667573,0.399940099974629,0.556111699959729
"333",1,6,0.333333333333333,0.341087999986485,0.519052899966482
"334",1,9,0.560597610169143,0.565184500010218,0.44979919999605
"335",1,2,0.396402371667573,0.400271699996665,0.409982199955266
"336",1,2,0.396402371667573,0.399496100028045,0.507910899992567
"337",1,10,0.666666666666667,0.670058499963488,0.590417200000957
"338",1,9,0.560597610169143,0.56488940003328,0.533922999980859
"339",1,3,0.471404520791032,0.482238899974618,0.633986499975435
"340",1,3,0.471404520791032,0.482525500003248,0.398025999951642
"341",3,6,1.44,1.4462579000392,1.41368810000131
"342",3,6,1.44,1.44621550000738,1.48460839997279
"343",3,7,1.71245824560392,1.71711660001893,1.87365219998173
"344",3,6,1.44,1.44661819998873,1.59357130003627
"345",3,9,2.4217816759307,2.4345059999614,2.09397519996855
"346",3,7,1.71245824560392,1.71702879999066,1.60887160000857
"347",3,5,0.666666666666667,0.670424699957948,0.864711100002751
"348",3,1,0.333333333333333,0.341296999948099,0.382976300024893
"349",3,3,0.471404520791032,0.481883200001903,0.65994739998132
"350",3,2,0.396402371667573,0.399883700010832,0.483847199997399
"351",3,1,0.333333333333333,0.340621599985752,0.393094200000633
"352",3,10,2.88000000000001,2.89325010002358,2.79295639996417
"353",3,2,0.396402371667573,0.399810399976559,0.405944099940825
"354",3,1,0.333333333333333,0.341017100028694,0.387072500016075
"355",3,3,0.471404520791032,0.482137099956162,0.498908600013237
"356",3,10,2.88000000000001,2.89354200003436,3.81807370000752
"357",3,5,0.666666666666667,0.670850299997255,0.661537699983455
"358",3,4,0.560597610169143,0.564674899971578,0.921031799982302
"359",3,6,1.44,1.44715169997653,1.92263039998943
"360",3,8,2.03646752981726,2.04644330003066,1.61741609999444
"361",3,2,0.396402371667573,0.399508100003004,0.483797600027174
"362",3,1,0.333333333333333,0.341390700021293,0.351801999961026
"363",3,5,0.666666666666667,0.669823299976997,0.492430299986154
"364",3,5,0.666666666666667,0.669948499999009,0.684924700006377
"365",3,4,0.560597610169143,0.564563899999484,0.655623400001787
"366",3,4,0.560597610169143,0.564996200031601,0.761905499966815
"367",3,10,2.88000000000001,2.8806581000099,2.49001870001666
"368",3,4,0.560597610169143,0.564212099998258,0.651811699965037
"369",3,7,1.71245824560392,1.71711740002502,2.26797430001898
"370",3,9,2.4217816759307,2.43487639998784,1.75966089998838
"371",3,9,2.4217816759307,2.43456029996742,2.33299650001572
"372",3,7,1.71245824560392,1.71671860001516,1.98134800000116
"373",3,3,0.471404520791032,0.482603700016625,0.791494100005366
"374",3,2,0.396402371667573,0.399503900029231,0.360076299984939
"375",3,8,2.03646752981726,2.04673369997181,1.85909179999726
"376",3,8,2.03646752981726,2.04634160001297,1.89919389999704
"377",3,8,2.03646752981726,2.04623560002074,2.09912560001248
"378",3,10,2.88000000000001,2.88142119999975,3.08119489997625
"379",3,3,0.471404520791032,0.482185799977742,0.61110139999073
"380",3,9,2.4217816759307,2.42179360002046,2.27370389999123
"381",3,1,0.333333333333333,0.340801600017585,0.355888399994001
"382",3,7,1.71245824560392,1.71716739999829,1.93280169996433
"383",3,7,1.71245824560392,1.71713349997299,1.53902540000854
"384",3,2,0.396402371667573,0.400293600047007,0.343710999994073
"385",3,7,1.71245824560392,1.71754479996162,1.683109399979
"386",3,10,2.88000000000001,2.89323359995615,3.21387179999147
"387",3,6,1.44,1.44659810001031,1.53566839994164
"388",3,3,0.471404520791032,0.482215300027747,0.31238099996699
"389",3,4,0.560597610169143,0.564950700034387,0.388648999971338
"390",3,1,0.333333333333333,0.341385699983221,0.521389300003648
"391",3,4,0.560597610169143,0.564534500008449,0.527128899993841
"392",3,8,2.03646752981726,2.04685909999534,2.31164759997046
"393",3,4,0.560597610169143,0.564581899961922,0.730147199996281
"394",3,5,0.666666666666667,0.670061599987093,0.660909800033551
"395",3,8,2.03646752981726,2.0467119999812,2.09961360000307
"396",3,2,0.396402371667573,0.399995599989779,0.369642299949192
"397",3,10,2.88000000000001,2.88004280003952,3.03374449996045
"398",3,1,0.333333333333333,0.341064099979121,0.331639899988659
"399",3,7,1.71245824560392,1.71675670001423,2.06098989996826
"400",3,5,0.666666666666667,0.670056500006467,0.508610599965323
"401",3,9,2.4217816759307,2.43490669998573,2.56771570001729
"402",3,6,1.44,1.44690839998657,1.5731673000264
"403",3,3,0.471404520791032,0.481968000007328,0.491885899973568
"404",3,5,0.666666666666667,0.670840899983887,0.634871700021904
"405",3,1,0.333333333333333,0.340675199986435,0.380590000015218
"406",3,9,2.4217816759307,2.43419280002126,2.21313799999189
"407",3,3,0.471404520791032,0.48223990004044,0.47553809999954
"408",3,3,0.471404520791032,0.48219169996446,0.585012499999721
"409",3,5,0.666666666666667,0.669910399999935,0.654019200010225
"410",3,10,2.88000000000001,2.88175549998414,2.67455329996301
"411",3,9,2.4217816759307,2.43455810000887,2.6674751000246
"412",3,8,2.03646752981726,2.04647440003464,0.0893116000224836
"413",3,6,1.44,1.44677519996185,1.44803540001158
"414",3,6,1.44,1.44694799999706,1.67985370004317
"415",3,10,2.88000000000001,2.89325720001943,2.77354549994925
"416",3,8,2.03646752981726,2.04677940002875,2.1521866999683
"417",3,2,0.396402371667573,0.399434599967208,0.487061299965717
"418",3,2,0.396402371667573,0.400343900022563,0.376729700015858
"419",3,9,2.4217816759307,2.43492329999572,2.44271219999064
"420",3,4,0.560597610169143,0.564498299965635,0.501003399956971
"421",3,8,2.03646752981726,2.04604380001547,2.30417199997464
"422",3,5,0.666666666666667,0.670447500015143,0.419572099985089
"423",3,8,2.03646752981726,2.04644259996712,2.44158159999643
"424",3,4,0.560597610169143,0.564167899952736,0.751029800041579
"425",3,5,0.666666666666667,0.670757600048091,0.532929199980572
"426",3,4,0.560597610169143,0.564409400045406,0.521901699947193
"427",3,8,2.03646752981726,2.04639130004216,1.8277990000206
"428",3,9,2.4217816759307,2.4344746999559,3.04194500000449
"429",3,6,1.44,1.44686969998293,1.88602410000749
"430",3,3,0.471404520791032,0.482210799993481,0.401829599984922
"431",3,3,0.471404520791032,0.482286299986299,0.548557600006461
"432",3,10,2.88000000000001,2.89327030000277,3.18057279998902
"433",3,2,0.396402371667573,0.399927299993578,0.457166599982884
"434",3,9,2.4217816759307,2.43451859999914,2.81024130003061
"435",3,6,1.44,1.44622569996864,1.58688580000307
"436",3,6,1.44,1.44615979999071,0.764116000034846
"437",3,10,2.88000000000001,2.89313649997348,2.71782869996969
"438",3,10,2.88000000000001,2.8816384000238,2.99599699996179
"439",3,2,0.396402371667573,0.399801299965475,0.378882099990733
"440",3,10,2.88000000000001,2.8803894999437,2.9443075999734
"441",3,5,0.666666666666667,0.670306199986953,0.559552799968515
"442",3,9,2.4217816759307,2.43420959997457,2.71599129994866
"443",3,2,0.396402371667573,0.399457199964672,0.448565799975768
"444",3,6,1.44,1.44658340001479,1.78092759998981
"445",3,3,0.471404520791032,0.482002699980512,0.489877699990757
"446",3,2,0.396402371667573,0.399953800020739,0.457049599965103
"447",3,5,0.666666666666667,0.670754000020679,0.61301229998935
"448",3,1,0.333333333333333,0.341145400016103,0.348019599972758
"449",3,1,0.333333333333333,0.341143300000113,0.353850499959663
"450",3,7,1.71245824560392,1.71753020002507,2.51307210000232
"451",3,4,0.560597610169143,0.56499129999429,0.488404300005641
"452",3,3,0.471404520791032,0.48173149995273,0.483250799996313
"453",3,1,0.333333333333333,0.341070499969646,0.361084899981506
"454",3,9,2.4217816759307,2.43491509999149,2.46305820002453
"455",3,7,1.71245824560392,1.71718440001132,1.576073299977
"456",3,1,0.333333333333333,0.341077100019902,0.276059600000735
"457",3,7,1.71245824560392,1.71665770001709,2.22175919997972
"458",3,4,0.560597610169143,0.564124300028197,0.453782800002955
"459",3,8,2.03646752981726,2.04636520001804,2.38944260001881
"460",3,7,1.71245824560392,1.71718279999914,1.65492060000543
"461",3,4,0.560597610169143,0.564562499988824,0.461906499986071
"462",3,10,2.88000000000001,2.89376429998083,3.30614519998198
"463",3,9,2.4217816759307,2.43487830000231,1.76595179998549
"464",3,8,2.03646752981726,2.04791289998684,1.84722420002799
"465",3,1,0.333333333333333,0.341020199994091,0.346833700023126
"466",3,2,0.396402371667573,0.399566699983552,0.514796699979343
"467",3,2,0.396402371667573,0.399877400021069,0.569868799997494
"468",3,1,0.333333333333333,0.341123900027014,0.369806699978653
"469",3,8,2.03646752981726,2.04644190002,2.53708320000442
"470",3,4,0.560597610169143,0.564529099967331,0.508881099987775
"471",3,5,0.666666666666667,0.670745499955956,0.530922200006898
"472",3,2,0.396402371667573,0.400343999965116,0.508857200038619
"473",3,3,0.471404520791032,0.48222020000685,0.446865100006107
"474",3,7,1.71245824560392,1.71715529996436,1.55792310001561
"475",3,10,2.88000000000001,2.89316529995995,3.23544239997864
"476",3,2,0.396402371667573,0.399905600002967,0.530058900010772
"477",3,7,1.71245824560392,1.7170868999674,1.61896719998913
"478",3,5,0.666666666666667,0.670381299976725,0.682591899996623
"479",3,6,1.44,1.44645489996765,1.76264580001589
"480",3,6,1.44,1.44680009997683,1.75756639998872
"481",3,6,1.44,1.44676540000364,1.97463670000434
"482",3,1,0.333333333333333,0.341104699997231,0.352866599976551
"483",3,7,1.71245824560392,1.71744510001736,2.06908300000941
"484",3,3,0.471404520791032,0.482525300001726,0.462568999966606
"485",3,5,0.666666666666667,0.6703140999889,0.667225000041071
"486",3,4,0.560597610169143,0.564591499976814,0.73556419997476
"487",3,4,0.560597610169143,0.56449469999643,0.650093299977016
"488",3,3,0.471404520791032,0.482217899989337,0.58185419999063
"489",3,9,2.4217816759307,2.43451769999228,2.04892239999026
"490",3,3,0.471404520791032,0.482151600008365,0.572750799998175
"491",3,8,2.03646752981726,2.0463252000045,2.0971983000054
"492",3,10,2.88000000000001,2.89318479999201,2.75294460001169
"493",3,1,0.333333333333333,0.341418199997861,0.479824499983806
"494",3,5,0.666666666666667,0.670059700030833,0.367040599987376
"495",3,7,1.71245824560392,1.71711860003415,1.95571309997467
"496",3,9,2.4217816759307,2.43450870004017,2.75943719997304
"497",3,8,2.03646752981726,2.04608880000887,2.05190210003639
"498",3,10,2.88000000000001,2.88086249999469,2.79816699994262
"499",3,6,1.44,1.44654440000886,1.43433519999962
"500",3,9,2.4217816759307,2.43451319995802,2.54507569997804
