"","NSub","targetDur","Exp","range","BR_err","BR_RP","BR_sd_err","BR_sd_RP","IR_err","IR_RP","IR_sd_err","IR_sd_RP","diff_RP","diff_sd_RP","diff_RP_Normalized","diff_RP_Normalized_abs"
"1","1",0.4,"Exp1","short",0.124558970036621,0.524558970036621,0.107781947992401,0.107781947992401,0.0445673864042224,0.444567386404222,0.0614839381141184,0.0614839381141184,-0.079991583632399,-0.0462980098782826,-0.199978959080997,0.199978959080997
"2","1",0.475682846001088,"Exp1","short",0.0495284036448448,0.525211249645933,0.088652736434028,0.088652736434028,0.109907691116283,0.585590537117371,0.100055265160135,0.100055265160135,0.0603792874714379,0.011402528726107,0.126931815975764,0.126931815975764
"3","1",0.4912,"Exp2","short",0.0556885353706794,0.546888535370679,0.0834297482844926,0.0834297482844926,0.051871148002777,0.543071148002777,0.0437861103886348,0.0437861103886348,-0.00381738736790205,-0.0396436378958578,-0.00777155408774847,0.00777155408774847
"4","1",0.542862864224572,"Exp2","short",0.0587514451995648,0.601614309424137,0.0794616960789968,0.0794616960789968,0.00706712915118974,0.549929993375762,0.0856353300262737,0.0856353300262737,-0.051684316048375,0.00617363394727691,-0.0952069471950363,0.0952069471950363
"5","1",0.565685424949238,"Exp1","short",0.0545189648312427,0.620204389780481,0.102556660275306,0.102556660275306,0.0474915013777115,0.61317692632695,0.0771394092118484,0.0771394092118484,-0.007027463453531,-0.0254172510634576,-0.012422917656331,0.012422917656331
"6","1",0.599959465297448,"Exp2","short",0.01762815719555,0.617587622492998,0.0699867789231302,0.0699867789231302,0.0070926369226448,0.607052102220093,0.0531516990820589,0.0531516990820589,-0.0105355202729051,-0.0168350798410713,-0.0175603867966009,0.0175603867966009
"7","1",0.663061306494331,"Exp2","short",-0.00582343936570623,0.657237867128625,0.076807966277041,0.076807966277041,0.0428604133303398,0.705921719824671,0.0794928734473046,0.0794928734473046,0.048683852696046,0.0026849071702636,0.0734228527878398,0.0734228527878398
"8","1",0.672717132202972,"Exp1","short",-0.0687522528780626,0.603964879324909,0.0725731314078757,0.0725731314078758,0.00757936730008693,0.680296499503059,0.152946014889114,0.152946014889114,0.07633162017815,0.0803728834812382,0.113467632269426,0.113467632269426
"9","1",0.7328,"Exp2","short",-0.0522791540322816,0.680520845967718,0.113922340827619,0.113922340827619,-0.00743323717464458,0.725366762825355,0.0616936779479927,0.0616936779479928,0.0448459168576369,-0.0522286628796262,0.0611980306463386,0.0611980306463386
"10","1",0.8,"Exp1","short",-0.165587936938404,0.634412063061596,0.0849704460080589,0.0849704460080589,-0.0482009425209201,0.75179905747908,0.0734853590124737,0.0734853590124738,0.117386994417484,-0.0114850869955851,0.146733743021855,0.146733743021855
"11","1",1.2,"Exp1","long",0.196743580523152,1.39674358052315,0.226933744009601,0.226933744009601,0.0108645105139511,1.21086451051395,0.166949819522362,0.166949819522362,-0.1858790700092,-0.059983924487239,-0.154899225007667,0.154899225007667
"12","1",1.31,"Exp2","long",-0.0331931263341444,1.27680687366586,0.208155445581303,0.208155445581303,-0.0566604436583243,1.25333955634168,0.0846429436453682,0.0846429436453682,-0.0234673173241799,-0.123512501935935,-0.0179139826902137,0.0179139826902137
"13","1",1.42704853800327,"Exp1","long",0.208675845084685,1.63572438308795,0.21939143781046,0.21939143781046,-0.02483935475855,1.40220918324472,0.221414532519185,0.221414532519185,-0.23351519984323,0.002023094708725,-0.163635078712855,0.163635078712855
"14","1",1.44778166151097,"Exp2","long",-0.0361069118225993,1.41167474968837,0.195963730228999,0.195963730228999,-0.107016840140097,1.34076482137087,0.103729640505585,0.103729640505585,-0.0709099283174999,-0.092234089723414,-0.0489783302293628,0.0489783302293628
"15","1",1.60005476290647,"Exp2","long",-0.0866020150456294,1.51345274786084,0.162479110983561,0.162479110983561,-0.0678942874822693,1.5321604754242,0.129528953716751,0.129528953716751,0.01870772756336,-0.03295015726681,0.0116919295495723,0.0116919295495723
"16","1",1.69705627484772,"Exp1","long",0.037632021128692,1.73468829597641,0.19332716100484,0.19332716100484,-0.182555025721484,1.51450124912624,0.296444036709298,0.296444036709298,-0.22018704685017,0.103116875704458,-0.129746461630996,0.129746461630996
"17","1",1.76834346805288,"Exp2","long",-0.058170623682991,1.71017284436989,0.203534947357386,0.203534947357386,-0.0635878292476993,1.70475563880518,0.0970917482645236,0.0970917482645236,-0.00541720556470993,-0.106443199092862,-0.00306343516549689,0.00306343516549689
"18","1",1.954332247557,"Exp2","long",-0.116966800123488,1.83736544743351,0.191974531416677,0.191974531416677,-0.161045574939853,1.79328667261715,0.151460665951098,0.151460665951098,-0.04407877481636,-0.040513865465579,-0.0225543915940907,0.0225543915940907
"19","1",2.01815139660892,"Exp1","long",-0.22582402301137,1.79232737359755,0.200729996585761,0.200729996585761,-0.369419129961401,1.64873226664752,0.209136085362222,0.209136085362222,-0.14359510695003,0.00840608877646101,-0.0711518011935633,0.0711518011935633
"20","1",2.4,"Exp1","long",-0.279230368114987,2.12076963188501,0.271971286429465,0.271971286429465,-0.59995043036371,1.80004956963629,0.342440331332619,0.342440331332619,-0.32072006224872,0.070469044903154,-0.1336333592703,0.1336333592703
"21","2",0.4,"Exp1","short",0.0957968242531933,0.495796824253193,0.0688406565505871,0.0688406565505871,0.0440814629952701,0.44408146299527,0.0952945887153818,0.0952945887153818,-0.051715361257923,0.0264539321647947,-0.129288403144807,0.129288403144807
"22","2",0.475682846001088,"Exp1","short",0.0377116718584968,0.513394517859585,0.0609632193876939,0.0609632193876939,0.0645198608760002,0.540202706877088,0.0280878031780311,0.0280878031780311,0.026808189017503,-0.0328754162096628,0.0563572751106558,0.0563572751106558
"23","2",0.4912,"Exp2","short",0.100603605886525,0.591803605886525,0.0860983049099526,0.0860983049099526,0.113579929611271,0.604779929611271,0.0505910014352268,0.0505910014352268,0.012976323724746,-0.0355073034747258,0.0264175971594992,0.0264175971594992
"24","2",0.542862864224572,"Exp2","short",0.0883877537605856,0.631250617985158,0.0786335014393588,0.0786335014393588,0.0738820318042072,0.616744896028779,0.086266798376154,0.086266798376154,-0.014505721956379,0.00763329693679521,-0.0267207851417486,0.0267207851417486
"25","2",0.565685424949238,"Exp1","short",-2.75236496410501e-05,0.565657901299597,0.0734225454560585,0.0734225454560585,0.0259585555803868,0.591643980529625,0.0678141060783806,0.0678141060783806,0.0259860792300279,-0.0056084393776779,0.0459373321000091,0.0459373321000091
"26","2",0.599959465297448,"Exp2","short",0.0289097700897258,0.628869235387174,0.0651183234347464,0.0651183234347464,0.047113665537094,0.647073130834542,0.0722343047690527,0.0722343047690527,0.018203895447368,0.0071159813343063,0.0303418755771156,0.0303418755771156
"27","2",0.663061306494331,"Exp2","short",0.0108757358115359,0.673937042305867,0.0689768521404278,0.0689768521404278,-0.00742286668979718,0.655638439804534,0.0393262855200972,0.0393262855200972,-0.0182986025013331,-0.0296505666203306,-0.0275971502515801,0.0275971502515801
"28","2",0.672717132202972,"Exp1","short",-0.126660163438655,0.546056968764317,0.0625719565081296,0.0625719565081296,0.00119720531684612,0.673914337519818,0.0867804252388277,0.0867804252388277,0.127857368755501,0.0242084687306981,0.19006111578696,0.19006111578696
"29","2",0.7328,"Exp2","short",-0.0553637978618276,0.677436202138172,0.0663757328784035,0.0663757328784035,-0.0542962264740149,0.678503773525985,0.0816076801383481,0.0816076801383481,0.00106757138781299,0.0152319472599446,0.00145683868424262,0.00145683868424262
"30","2",0.8,"Exp1","short",-0.168363619034881,0.631636380965119,0.0885628045411393,0.0885628045411393,-0.00745662294861437,0.792543377051386,0.122901347331346,0.122901347331346,0.160906996086267,0.0343385427902067,0.201133745107834,0.201133745107834
"31","2",1.2,"Exp1","long",0.101375625505171,1.30137562550517,0.155238251357997,0.155238251357997,-0.0198016382695114,1.18019836173049,0.0858102382032737,0.0858102382032737,-0.12117726377468,-0.0694280131547233,-0.100981053145567,0.100981053145567
"32","2",1.31,"Exp2","long",0.0939455687594952,1.4039455687595,0.157203304690489,0.157203304690489,-0.0504207752219271,1.25957922477807,0.188311804036527,0.188311804036527,-0.14436634398143,0.031108499346038,-0.110203316016359,0.110203316016359
"33","2",1.42704853800327,"Exp1","long",0.064716234349784,1.49176477235305,0.141470248836759,0.141470248836759,0.0257135758719864,1.45276211387526,0.125324729961442,0.125324729961442,-0.0390026584777901,-0.016145518875317,-0.0273309964161154,0.0273309964161154
"34","2",1.44778166151097,"Exp2","long",0.00796756407292568,1.4557492255839,0.229745161605015,0.229745161605015,0.0266664701179293,1.4744481316289,0.153230726672894,0.153230726672894,0.018698906045,-0.076514434932121,0.0129155566354425,0.0129155566354425
"35","2",1.60005476290647,"Exp2","long",-0.0628857312099959,1.53716903169647,0.201437779237135,0.201437779237135,-0.0413474013499643,1.55870736155651,0.182833084525594,0.182833084525594,0.02153832986004,-0.018604694711541,0.0134609954355037,0.0134609954355037
"36","2",1.69705627484772,"Exp1","long",-0.0431506972268453,1.65390557762087,0.197812926098708,0.197812926098708,0.00938948390349429,1.70644575875121,0.18510146372828,0.18510146372828,0.0525401811303401,-0.012711462370428,0.0309595986350274,0.0309595986350274
"37","2",1.76834346805288,"Exp2","long",-0.110620661588639,1.65772280646424,0.220497132331793,0.220497132331793,-0.139622365161314,1.62872110289157,0.141726167412009,0.141726167412009,-0.02900170357267,-0.078770964919784,-0.0164004923797998,0.0164004923797998
"38","2",1.954332247557,"Exp2","long",-0.30377551728221,1.65055673027479,0.221092997086855,0.221092997086855,-0.218202082209463,1.73613016534754,0.141537032997773,0.141537032997773,0.0855734350727499,-0.079555964089082,0.0437865338300181,0.0437865338300181
"39","2",2.01815139660892,"Exp1","long",-0.176799293246235,1.84135210336268,0.205138238852742,0.205138238852742,-0.122419312673168,1.89573208393575,0.221429299753796,0.221429299753796,0.05437998057307,0.016291060901054,0.0269454415880019,0.0269454415880019
"40","2",2.4,"Exp1","long",-0.452770906352816,1.94722909364718,0.274933831031864,0.274933831031864,-0.399817072871206,2.00018292712879,0.229971349594633,0.229971349594633,0.0529538334816098,-0.044962481437231,0.0220640972840041,0.0220640972840041
"41","3",0.4,"Exp1","short",0.0995941774976582,0.499594177497658,0.122666453596067,0.122666453596067,0.0865208597153209,0.486520859715321,0.102458849654645,0.102458849654645,-0.013073317782337,-0.020207603941422,-0.0326832944558425,0.0326832944558425
"42","3",0.475682846001088,"Exp1","short",0.059086709660089,0.534769555661177,0.0926458795872806,0.0926458795872806,0.102820207780569,0.578503053781657,0.0784335142138925,0.0784335142138925,0.04373349812048,-0.0142123653733881,0.0919383544900418,0.0919383544900418
"43","3",0.4912,"Exp2","short",0.0455853377481587,0.536785337748159,0.0831765171362769,0.0831765171362769,0.141199259139674,0.632399259139674,0.0830438907545673,0.0830438907545673,0.095613921391515,-0.000132626381709591,0.194653748761228,0.194653748761228
"44","3",0.542862864224572,"Exp2","short",0.0255344042569669,0.568397268481539,0.0808450149634623,0.0808450149634623,0.075075359665671,0.617938223890243,0.0980094821817396,0.0980094821817396,0.049540955408704,0.0171644672182773,0.0912586928919305,0.0912586928919305
"45","3",0.565685424949238,"Exp1","short",0.0085205051648243,0.574205930114062,0.0785665337873175,0.0785665337873175,0.0761659187722524,0.64185134372149,0.147968007502164,0.147968007502164,0.067645413607428,0.0694014737148465,0.119581326694953,0.119581326694953
"46","3",0.599959465297448,"Exp2","short",0.0255802037787658,0.625539669076214,0.0787903606969914,0.0787903606969915,0.039118695849446,0.639078161146894,0.114686017064863,0.114686017064863,0.0135384920706799,0.0358956563678715,0.0225656779395385,0.0225656779395385
"47","3",0.663061306494331,"Exp2","short",-0.045404029046658,0.617657277447673,0.0755702677959633,0.0755702677959633,-0.014078390915824,0.648982915578507,0.0642930439168764,0.0642930439168764,0.031325638130834,-0.0112772238790869,0.0472439544036368,0.0472439544036368
"48","3",0.672717132202972,"Exp1","short",-0.0542486862596819,0.61846844594329,0.0711549093897858,0.0711549093897858,0.0023569056864749,0.675074037889447,0.0757203981889991,0.0757203981889991,0.056605591946157,0.0045654887992133,0.0841447158641382,0.0841447158641382
"49","3",0.7328,"Exp2","short",-0.0885062751331916,0.644293724866808,0.0548056559116722,0.0548056559116722,-0.0177259254488583,0.715074074551142,0.144041146781628,0.144041146781628,0.070780349684334,0.0892354908699558,0.0965889051369187,0.0965889051369187
"50","3",0.8,"Exp1","short",-0.123173988333392,0.676826011666608,0.0962707380267722,0.0962707380267722,-0.0977401668389435,0.702259833161057,0.0876012080789352,0.0876012080789352,0.0254338214944489,-0.008669529947837,0.0317922768680612,0.0317922768680612
"51","3",1.2,"Exp1","long",0.116765728618113,1.31676572861811,0.2348369248257,0.2348369248257,0.0319049143762435,1.23190491437624,0.250825108576851,0.250825108576851,-0.0848608142418701,0.015988183751151,-0.0707173452015584,0.0707173452015584
"52","3",1.31,"Exp2","long",0.0840294248638937,1.39402942486389,0.223074736094782,0.223074736094782,-0.196084523702341,1.11391547629766,0.230434060756723,0.230434060756723,-0.28011394856623,0.007359324661941,-0.213827441653611,0.213827441653611
"53","3",1.42704853800327,"Exp1","long",0.036969210109991,1.46401774811326,0.236082197417644,0.236082197417644,-0.189719576831827,1.23732896117144,0.33430275448395,0.33430275448395,-0.22668878694182,0.098220557066306,-0.158851490264657,0.158851490264657
"54","3",1.44778166151097,"Exp2","long",-0.0095909609891193,1.43819070052185,0.227648031445374,0.227648031445374,-0.119024732224999,1.32875692928597,0.236850320246503,0.236850320246503,-0.10943377123588,0.009202288801129,-0.0755872063759047,0.0755872063759047
"55","3",1.60005476290647,"Exp2","long",-0.0845758215237017,1.51547894138277,0.199470545015802,0.199470545015802,-0.195316404129601,1.40473835877687,0.214410336861718,0.214410336861718,-0.1107405826059,0.014939791845916,-0.0692104952737629,0.0692104952737629
"56","3",1.69705627484772,"Exp1","long",-0.192892090667301,1.50416418418042,0.255253706358147,0.255253706358147,-0.363190295266062,1.33386597958166,0.235681181355868,0.235681181355868,-0.17029820459876,-0.019572525002279,-0.100349179413064,0.100349179413064
"57","3",1.76834346805288,"Exp2","long",-0.263441580782674,1.50490188727021,0.201202482330649,0.201202482330649,-0.49576183202563,1.27258163602725,0.306883225666061,0.306883225666061,-0.23232025124296,0.105680743335412,-0.131377334460238,0.131377334460238
"58","3",1.954332247557,"Exp2","long",-0.329930873747747,1.62440137380925,0.31744814943524,0.31744814943524,-0.490163528632845,1.46416871892416,0.258685306161398,0.258685306161398,-0.16023265488509,-0.058762843273842,-0.08198844136425,0.08198844136425
"59","3",2.01815139660892,"Exp1","long",-0.443092134369443,1.57505926223948,0.228943652600018,0.228943652600018,-0.583352799688429,1.43479859692049,0.264329049153179,0.264329049153179,-0.14026066531899,0.035385396553161,-0.0694995754801491,0.0694995754801491
"60","3",2.4,"Exp1","long",-0.753292863123803,1.6467071368762,0.295249922363233,0.295249922363233,-0.827151601587478,1.57284839841252,0.295433531716505,0.295433531716505,-0.07385873846368,0.000183609353271996,-0.0307744743598667,0.0307744743598667
"61","4",0.4,"Exp1","short",0.0915511441328476,0.491551144132848,0.0993349536518518,0.0993349536518518,0.0773769367233334,0.477376936723333,0.0551996734768501,0.0551996734768501,-0.014174207409515,-0.0441352801750017,-0.0354355185237876,0.0354355185237876
"62","4",0.475682846001088,"Exp1","short",0.062519134681401,0.538201980682489,0.0905955590014156,0.0905955590014156,0.022833317112478,0.498516163113566,0.0699211251492413,0.0699211251492413,-0.039685817568923,-0.0206744338521743,-0.0834291543253007,0.0834291543253007
"63","4",0.4912,"Exp2","short",0.0582035767563749,0.549403576756375,0.0839285156163423,0.0839285156163423,0.0864376027256121,0.577637602725612,0.0999344110048169,0.0999344110048169,0.0282340259692371,0.0160058953884746,0.0574796945627791,0.0574796945627791
"64","4",0.542862864224572,"Exp2","short",0.00984682262526655,0.552709686849839,0.0838604725576796,0.0838604725576796,0.0527899270607049,0.595652791285277,0.0822636030318519,0.0822636030318519,0.042943104435438,-0.0015968695258277,0.0791048849819156,0.0791048849819156
"65","4",0.565685424949238,"Exp1","short",-0.039147906834688,0.52653751811455,0.0620927784337261,0.0620927784337261,-0.000874260073963931,0.564811164875274,0.0804103253984715,0.0804103253984715,0.0382736467607241,0.0183175469647454,0.0676588879131164,0.0676588879131164
"66","4",0.599959465297448,"Exp2","short",-8.95948435780237e-05,0.59986987045387,0.0798032549698271,0.0798032549698271,0.04941624695757,0.649375712255018,0.081089732274357,0.081089732274357,0.049505841801148,0.0012864773045299,0.0825153108912183,0.0825153108912183
"67","4",0.663061306494331,"Exp2","short",-0.0585302221007586,0.604531084393572,0.0991475074759426,0.0991475074759426,-0.0016946693436164,0.661366637150715,0.0749547267116802,0.0749547267116803,0.056835552757143,-0.0241927807642623,0.0857168895251,0.0857168895251
"68","4",0.672717132202972,"Exp1","short",-0.138771262149531,0.533945870053441,0.0656728742861712,0.0656728742861712,-0.0524899169309521,0.62022721527202,0.0796352962916186,0.0796352962916186,0.086281345218579,0.0139624220054474,0.128257987032425,0.128257987032425
"69","4",0.7328,"Exp2","short",-0.100198935832264,0.632601064167736,0.0835744608034837,0.0835744608034837,-0.0662963499209411,0.666503650079059,0.0958779686875268,0.0958779686875268,0.033902585911323,0.0123035078840431,0.0462644458396875,0.0462644458396875
"70","4",0.8,"Exp1","short",-0.220263569679037,0.579736430320963,0.0810639607734395,0.0810639607734395,-0.0757744250532791,0.724225574946721,0.0878123495380227,0.0878123495380227,0.144489144625758,0.0067483887645832,0.180611430782198,0.180611430782198
"71","4",1.2,"Exp1","long",-0.0607490641364841,1.13925093586352,0.135741420911026,0.135741420911026,0.0156140668115051,1.21561406681151,0.186563117942342,0.186563117942342,0.07636313094799,0.050821697031316,0.0636359424566583,0.0636359424566583
"72","4",1.31,"Exp2","long",0.138313931850566,1.44831393185057,0.139383083080023,0.139383083080023,0.122216185283616,1.43221618528362,0.156561233442181,0.156561233442181,-0.0160977465669501,0.017178150362158,-0.0122883561579771,0.0122883561579771
"73","4",1.42704853800327,"Exp1","long",0.0327228945963014,1.45977143259957,0.198889709434514,0.198889709434514,-0.00801297999745358,1.41903555800582,0.172737485225243,0.172737485225243,-0.0407358745937501,-0.026152224209271,-0.0285455424317576,0.0285455424317576
"74","4",1.44778166151097,"Exp2","long",0.0925263985790307,1.54030806009,0.189432730256613,0.189432730256613,0.0735736550845136,1.52135531659548,0.10463124466375,0.104631244663751,-0.01895274349452,-0.084801485592862,-0.0130908851785981,0.0130908851785981
"75","4",1.60005476290647,"Exp2","long",0.00661432959335031,1.60666909249982,0.203187648989599,0.203187648989599,0.0525492550610116,1.65260401796748,0.136178327704322,0.136178327704322,0.04593492546766,-0.067009321285277,0.0287083458220018,0.0287083458220018
"76","4",1.69705627484772,"Exp1","long",-0.061576203482787,1.63548007136493,0.207625066020593,0.207625066020593,0.00596285235853642,1.70301912720626,0.159872091103165,0.159872091103165,0.06753905584133,-0.047752974917428,0.039797770316951,0.039797770316951
"77","4",1.76834346805288,"Exp2","long",-0.0120246078214253,1.75631886023145,0.214511075528633,0.214511075528633,0.0548287491226223,1.8231722171755,0.149488931967892,0.149488931967892,0.0668533569440501,-0.065022143560741,0.0378056402230853,0.0378056402230853
"78","4",1.954332247557,"Exp2","long",-0.159887073980448,1.79444517357655,0.157520725087225,0.157520725087225,-0.0277499563473158,1.92658229120968,0.138435725887448,0.138435725887448,0.13213711763313,-0.019084999199777,0.0676124122693605,0.0676124122693605
"79","4",2.01815139660892,"Exp1","long",-0.1670353052591,1.85111609134982,0.256242298642245,0.256242298642245,-0.101982142757174,1.91616925385175,0.188580497565639,0.188580497565639,0.0650531625019302,-0.067661801076606,0.0322340348753014,0.0322340348753014
"80","4",2.4,"Exp1","long",-0.118956103821642,2.28104389617836,0.187291115994345,0.187291115994345,-0.0632930242189714,2.33670697578103,0.209229628677229,0.209229628677229,0.0556630796026703,0.021938512682884,0.0231929498344459,0.0231929498344459
"81","5",0.4,"Exp1","short",0.0844248931364876,0.484424893136488,0.0856367856947124,0.0856367856947124,0.161472224807053,0.561472224807053,0.193861450493705,0.193861450493705,0.077047331670565,0.108224664798993,0.192618329176413,0.192618329176413
"82","5",0.475682846001088,"Exp1","short",0.0998823633572112,0.575565209358299,0.0636094065084295,0.0636094065084295,0.209534586974889,0.685217432975977,0.144626624689438,0.144626624689438,0.109652223617678,0.0810172181810085,0.230515404411761,0.230515404411761
"83","5",0.4912,"Exp2","short",0.0491277673935008,0.540327767393501,0.0585817387735274,0.0585817387735274,0.0621554116738221,0.553355411673822,0.0841674873311364,0.0841674873311364,0.013027644280321,0.025585748557609,0.0265220771179173,0.0265220771179173
"84","5",0.542862864224572,"Exp2","short",0.0321716427707473,0.575034506995319,0.0704254428160625,0.0704254428160625,0.0447904975313441,0.587653361755916,0.0696337901927539,0.0696337901927539,0.012618854760597,-0.000791652623308603,0.0232450137819278,0.0232450137819278
"85","5",0.565685424949238,"Exp1","short",0.0438662382149817,0.60955166316422,0.135338883297607,0.135338883297607,0.130716813132828,0.696402238082066,0.20286044762052,0.20286044762052,0.086850574917846,0.067521564322913,0.153531576185898,0.153531576185898
"86","5",0.599959465297448,"Exp2","short",-0.0233681756978352,0.576591289599613,0.0559930113857935,0.0559930113857935,-0.0311754208826135,0.568784044414835,0.0574850987692683,0.0574850987692683,-0.00780724518477804,0.0014920873834748,-0.0130129544350257,0.0130129544350257
"87","5",0.663061306494331,"Exp2","short",-0.0532731347163065,0.609788171778024,0.0452169467065131,0.0452169467065131,-0.0245353590497537,0.638525947444577,0.0973525629899791,0.0973525629899791,0.028737775666553,0.052135616283466,0.0433410536628843,0.0433410536628843
"88","5",0.672717132202972,"Exp1","short",-0.0129855900112921,0.65973154219168,0.122850922980104,0.122850922980104,0.0823092508541018,0.755026383057074,0.196569523244414,0.196569523244414,0.0952948408653941,0.07371860026431,0.141656628475223,0.141656628475223
"89","5",0.7328,"Exp2","short",-0.117131895814441,0.615668104185559,0.0610908756474139,0.0610908756474139,-0.0183144565889661,0.714485543411034,0.0757595043774429,0.0757595043774429,0.098817439225475,0.014668628730029,0.134849125580615,0.134849125580615
"90","5",0.8,"Exp1","short",-0.159384937234457,0.640615062765543,0.0722499590133702,0.0722499590133702,0.000867940332561325,0.800867940332561,0.236643909961092,0.236643909961092,0.160252877567018,0.164393950947722,0.200316096958773,0.200316096958773
"91","5",1.2,"Exp1","long",-0.0346433880333276,1.16535661196667,0.195588017157981,0.195588017157981,0.0718964677169426,1.27189646771694,0.253357837418605,0.253357837418605,0.10653985575027,0.057769820260624,0.0887832131252249,0.0887832131252249
"92","5",1.31,"Exp2","long",0.0148079618374342,1.32480796183743,0.184140441820961,0.184140441820961,0.0507947669532757,1.36079476695328,0.115665746846293,0.115665746846293,0.0359868051158501,-0.068474694974668,0.0274708435998855,0.0274708435998855
"93","5",1.42704853800327,"Exp1","long",0.00492179840980036,1.43197033641307,0.204485313220811,0.204485313220811,-0.0885860320109914,1.33846250599228,0.330108172569382,0.330108172569382,-0.0935078304207901,0.125622859348571,-0.0655253328324953,0.0655253328324953
"94","5",1.44778166151097,"Exp2","long",0.041586398558288,1.48936806006926,0.171139357840727,0.171139357840727,0.0461176655201243,1.49389932703109,0.169394873322767,0.169394873322767,0.00453126696183004,-0.00174448451796,0.00312979994310814,0.00312979994310814
"95","5",1.60005476290647,"Exp2","long",-0.0418857486758824,1.55816901423059,0.227265908498157,0.227265908498157,0.00297860385200996,1.60303336675848,0.114072754818926,0.114072754818927,0.04486435252789,-0.11319315367923,0.0280392606353015,0.0280392606353015
"96","5",1.69705627484772,"Exp1","long",-0.0487472627884775,1.64830901205924,0.282260583154846,0.282260583154846,-0.163151780702919,1.5339044941448,0.323856741471183,0.323856741471183,-0.11440451791444,0.041596158316337,-0.0674135086797319,0.0674135086797319
"97","5",1.76834346805288,"Exp2","long",-0.1012903067616,1.66705316129128,0.203210255267459,0.203210255267459,-0.157294699474102,1.61104876857878,0.211940124336574,0.211940124336574,-0.0560043927125,0.00872986906911499,-0.0316705400982799,0.0316705400982799
"98","5",1.954332247557,"Exp2","long",-0.131094838305634,1.82323740925137,0.262987699575983,0.262987699575983,-0.13869965377706,1.81563259377994,0.193567977065443,0.193567977065443,-0.00760481547142988,-0.06941972251054,-0.00389126029155801,0.00389126029155801
"99","5",2.01815139660892,"Exp1","long",-0.32537680960413,1.69277458700479,0.319569170003322,0.319569170003322,-0.355032006070967,1.66311939053795,0.331748523260068,0.331748523260068,-0.0296551964668401,0.012179353256746,-0.0146942377646541,0.0146942377646541
"100","5",2.4,"Exp1","long",-0.454992498133061,1.94500750186694,0.377379227056712,0.377379227056712,-0.368006427125406,2.03199357287459,0.39344083699426,0.39344083699426,0.08698607100765,0.016061609937548,0.0362441962531875,0.0362441962531875
"101","6",0.4,"Exp1","short",0.141826253937286,0.541826253937286,0.0736836227297347,0.0736836227297347,0.199505963913901,0.599505963913901,0.119223134256599,0.119223134256599,0.057679709976615,0.0455395115268643,0.144199274941537,0.144199274941537
"102","6",0.475682846001088,"Exp1","short",0.108831351737852,0.58451419773894,0.0697788795170848,0.0697788795170848,0.118230429666296,0.593913275667384,0.116487491664422,0.116487491664422,0.00939907792844408,0.0467086121473372,0.0197591273417974,0.0197591273417974
"103","6",0.4912,"Exp2","short",0.153902652753206,0.645102652753206,0.107957611203741,0.107957611203741,0.340473209495503,0.831673209495503,0.187918017717627,0.187918017717627,0.186570556742297,0.079960406513886,0.37982605199979,0.37982605199979
"104","6",0.542862864224572,"Exp2","short",0.12639417453538,0.669257038759952,0.0991866072364126,0.0991866072364126,0.419931034770616,0.962793898995188,0.27448265078594,0.27448265078594,0.293536860235236,0.175296043549527,0.540720096325847,0.540720096325847
"105","6",0.565685424949238,"Exp1","short",0.0216450658228086,0.587330490772047,0.0421246692702642,0.0421246692702642,0.131654363311306,0.697339788260544,0.139578537527868,0.139578537527868,0.110009297488497,0.0974538682576038,0.194470800619211,0.194470800619211
"106","6",0.599959465297448,"Exp2","short",0.0464431500245619,0.64640261532201,0.0829336946550485,0.0829336946550485,0.30723751217429,0.907196977471738,0.209228767678724,0.209228767678724,0.260794362149728,0.126295073023675,0.434686636738752,0.434686636738752
"107","6",0.663061306494331,"Exp2","short",-0.0358577194825189,0.627203587011812,0.0966040922715494,0.0966040922715494,0.274514346616187,0.937575653110518,0.195790221528837,0.195790221528837,0.310372066098706,0.0991861292572876,0.468089546258811,0.468089546258811
"108","6",0.672717132202972,"Exp1","short",-0.0926728247377476,0.580044307465225,0.0656733823531849,0.0656733823531849,0.0923435243582134,0.765060656561185,0.0782297597697358,0.0782297597697358,0.18501634909596,0.0125563774165509,0.275028448420929,0.275028448420929
"109","6",0.7328,"Exp2","short",-0.0557178273102291,0.677082172689771,0.110903888484836,0.110903888484836,0.141127160383363,0.873927160383363,0.18284806042793,0.18284806042793,0.196844987693592,0.071944171943094,0.26862034346833,0.26862034346833
"110","6",0.8,"Exp1","short",-0.198488815245498,0.601511184754502,0.0635248470920466,0.0635248470920466,-0.0106649229803477,0.789335077019652,0.179020147903093,0.179020147903093,0.18782389226515,0.115495300811046,0.234779865331437,0.234779865331437
"111","6",1.2,"Exp1","long",0.178439732413366,1.37843973241337,0.19685375038155,0.19685375038155,0.0607645370262941,1.26076453702629,0.181205938394434,0.181205938394434,-0.11767519538708,-0.015647811987116,-0.0980626628225665,0.0980626628225665
"112","6",1.31,"Exp2","long",0.110021573194678,1.42002157319468,0.234270680234916,0.234270680234916,-0.046864309444663,1.26313569055534,0.176607054300273,0.176607054300273,-0.15688588263934,-0.057663625934643,-0.119760215755221,0.119760215755221
"113","6",1.42704853800327,"Exp1","long",0.00285241664039749,1.42990095464367,0.211524607266702,0.211524607266702,-0.112752902743374,1.3142956352599,0.162566238794856,0.162566238794856,-0.11560531938377,-0.048958368471846,-0.0810100822117272,0.0810100822117272
"114","6",1.44778166151097,"Exp2","long",-0.00722024010621533,1.44056142140475,0.217627425546186,0.217627425546186,-0.0854054147208023,1.36237624679017,0.190338385981915,0.190338385981915,-0.0781851746145799,-0.027289039564271,-0.0540034293105925,0.0540034293105925
"115","6",1.60005476290647,"Exp2","long",-0.0168197070242973,1.58323505588217,0.275848501541385,0.275848501541385,-0.154708477362905,1.44534628554357,0.337706882445679,0.337706882445679,-0.1378887703386,0.061858380904294,-0.0861775318790512,0.0861775318790512
"116","6",1.69705627484772,"Exp1","long",-0.0710188584793086,1.62603741636841,0.247996114428345,0.247996114428345,-0.278277674296214,1.41877860055151,0.171356114857249,0.171356114857249,-0.2072588158169,-0.076639999571096,-0.122128428437353,0.122128428437353
"117","6",1.76834346805288,"Exp2","long",-0.101150678745789,1.66719278930709,0.239649452762581,0.239649452762581,-0.231003715335407,1.53733975271747,0.290985765033038,0.290985765033038,-0.12985303658962,0.051336312270457,-0.0734320220791728,0.0734320220791728
"118","6",1.954332247557,"Exp2","long",-0.414152121672396,1.5401801258846,0.300810126651476,0.300810126651476,-0.483082422496052,1.47124982506095,0.305829699969047,0.305829699969047,-0.0689303008236499,0.00501957331757102,-0.0352705129385322,0.0352705129385322
"119","6",2.01815139660892,"Exp1","long",-0.182468039233881,1.83568335737504,0.304996631451223,0.304996631451223,-0.464262388009003,1.55388900859992,0.217242474823727,0.217242474823727,-0.28179434877512,-0.087754156627496,-0.139629935221221,0.139629935221221
"120","6",2.4,"Exp1","long",-0.427905668847022,1.97209433115298,0.239957319256209,0.239957319256209,-0.503023763209875,1.89697623679012,0.257337358778718,0.257337358778718,-0.07511809436286,0.017380039522509,-0.031299205984525,0.031299205984525
"121","7",0.4,"Exp1","short",0.0647916996454699,0.46479169964547,0.0562856875217811,0.0562856875217811,0.0488068741590854,0.448806874159085,0.0780244090907302,0.0780244090907302,-0.015984825486385,0.0217387215689491,-0.0399620637159626,0.0399620637159626
"122","7",0.475682846001088,"Exp1","short",0.0313214998158613,0.507004345816949,0.0652820417592918,0.0652820417592918,0.00685156498120235,0.48253441098229,0.0487794214736483,0.0487794214736483,-0.024469934834659,-0.0165026202856435,-0.0514417012098919,0.0514417012098919
"123","7",0.4912,"Exp2","short",0.0955191330908099,0.58671913309081,0.0771565721976669,0.0771565721976669,0.0895998274425961,0.580799827442596,0.0648383206967101,0.0648383206967101,-0.00591930564821408,-0.0123182515009568,-0.0120507036812176,0.0120507036812176
"124","7",0.542862864224572,"Exp2","short",0.100127970486664,0.642990834711236,0.0646305191640649,0.0646305191640649,0.147627545074893,0.690490409299465,0.065342847440885,0.065342847440885,0.0474995745882291,0.000712328276820107,0.0874982941706239,0.0874982941706239
"125","7",0.565685424949238,"Exp1","short",0.00532549666212462,0.571010921611363,0.0678215691007304,0.0678215691007304,0.09825212221266,0.663937547161898,0.17345620623346,0.17345620623346,0.092926625550535,0.10563463713273,0.164272617698916,0.164272617698916
"126","7",0.599959465297448,"Exp2","short",0.0417058277731949,0.641665293070643,0.0543752038821635,0.0543752038821635,0.0974144235913224,0.69737388888877,0.135965758928874,0.135965758928874,0.055708595818127,0.0815905550467105,0.0928539327077835,0.0928539327077835
"127","7",0.663061306494331,"Exp2","short",-0.0150037769186351,0.648057529575696,0.0790837318418006,0.0790837318418006,0.0554280613853551,0.718489367879686,0.0967887675860056,0.0967887675860055,0.07043183830399,0.0177050357442049,0.106222211451864,0.106222211451864
"128","7",0.672717132202972,"Exp1","short",-0.0486548344507588,0.624062297752213,0.0659086060368991,0.0659086060368991,0.0874993992232253,0.760216531426197,0.125440526482778,0.125440526482778,0.136154233673984,0.0595319204458789,0.202394479278556,0.202394479278556
"129","7",0.7328,"Exp2","short",-0.0424504097554534,0.690349590244547,0.0984785805533185,0.0984785805533185,0.00340805830328863,0.736208058303289,0.0799593562923431,0.0799593562923431,0.0458584680587419,-0.0185192242609754,0.0625797871980649,0.0625797871980649
"130","7",0.8,"Exp1","short",-0.0931104930806779,0.706889506919322,0.115678013833823,0.115678013833823,0.123625941848124,0.923625941848124,0.178445422368634,0.178445422368634,0.216736434928802,0.062767408534811,0.270920543661002,0.270920543661002
"131","7",1.2,"Exp1","long",0.118950310103522,1.31895031010352,0.135830333869731,0.135830333869731,0.13790663125449,1.33790663125449,0.139785089438919,0.139785089438919,0.01895632115097,0.00395475556918801,0.015796934292475,0.015796934292475
"132","7",1.31,"Exp2","long",0.185225524746638,1.49522552474664,0.138959090517648,0.138959090517648,-0.0343852134301309,1.27561478656987,0.190873492772139,0.190873492772139,-0.21961073817677,0.051914402254491,-0.167641784867763,0.167641784867763
"133","7",1.42704853800327,"Exp1","long",0.0356350137090863,1.46268355171236,0.137770275225084,0.137770275225084,0.03713915425879,1.46418769226206,0.169219264735599,0.169219264735599,0.00150414054970005,0.031448989510515,0.00105402199690043,0.00105402199690043
"134","7",1.44778166151097,"Exp2","long",0.133076077888198,1.58085773939917,0.153639947674793,0.153639947674793,-0.0572817887962729,1.3904998727147,0.174922325272823,0.174922325272823,-0.19035786668447,0.02128237759803,-0.131482440857694,0.131482440857694
"135","7",1.60005476290647,"Exp2","long",-0.0178637800696435,1.58219098283683,0.201928051174349,0.201928051174349,-0.316422042051564,1.28363272085491,0.118468996399467,0.118468996399467,-0.29855826198192,-0.083459054774882,-0.186592527270501,0.186592527270501
"136","7",1.69705627484772,"Exp1","long",0.0197532841046497,1.71680955895237,0.191583423428916,0.191583423428916,-0.00833473566919574,1.68872153917852,0.18766903137573,0.18766903137573,-0.02808801977385,-0.003914392053186,-0.0165510243768259,0.0165510243768259
"137","7",1.76834346805288,"Exp2","long",-0.0811099857448534,1.68723348230803,0.186615409885924,0.186615409885924,-0.393285490189575,1.3750579778633,0.270765019045977,0.270765019045977,-0.31217550444473,0.084149609160053,-0.176535560022435,0.176535560022435
"138","7",1.954332247557,"Exp2","long",-0.166432181662416,1.78790006589458,0.202282080418036,0.202282080418036,-0.511828596583874,1.44250365097313,0.144430950966103,0.144430950966103,-0.34539641492145,-0.057851129451933,-0.17673372342559,0.17673372342559
"139","7",2.01815139660892,"Exp1","long",0.034892663763429,2.05304406037235,0.18438205414921,0.184382054149209,0.11769062530034,2.13584202190926,0.149732640575048,0.149732640575048,0.0827979615369099,-0.034649413574161,0.0410266354030894,0.0410266354030894
"140","7",2.4,"Exp1","long",-0.125896634632863,2.27410336536714,0.229262120635481,0.229262120635481,-0.0827369371689464,2.31726306283105,0.136471991498787,0.136471991498787,0.0431596974639104,-0.092790129136694,0.0179832072766293,0.0179832072766293
"141","8",0.4,"Exp1","short",0.131787206735926,0.531787206735926,0.0884071146344309,0.0884071146344309,0.194844058873395,0.594844058873395,0.14591378491207,0.14591378491207,0.0630568521374689,0.0575066702776391,0.157642130343672,0.157642130343672
"142","8",0.475682846001088,"Exp1","short",0.129179373926591,0.604862219927679,0.0637695694789419,0.0637695694789419,0.231787722827966,0.707470568829054,0.178413998906643,0.178413998906643,0.102608348901375,0.114644429427701,0.215707481915672,0.215707481915672
"143","8",0.4912,"Exp2","short",0.157702675592682,0.648902675592682,0.0962227147093631,0.0962227147093631,0.251871233749365,0.743071233749365,0.158414503134373,0.158414503134373,0.094168558156683,0.0621917884250099,0.191711234032335,0.191711234032335
"144","8",0.542862864224572,"Exp2","short",0.0941034239495813,0.636966288174153,0.107469871827166,0.107469871827166,0.300793812836815,0.843656677061387,0.197041987953892,0.197041987953892,0.206690388887234,0.089572116126726,0.380741440441817,0.380741440441817
"145","8",0.565685424949238,"Exp1","short",0.0372137986232229,0.602899223572461,0.0727215528908057,0.0727215528908057,0.236929737337684,0.802615162286922,0.15300573973818,0.15300573973818,0.199715938714461,0.0802841868473743,0.353051236440081,0.353051236440081
"146","8",0.599959465297448,"Exp2","short",0.0782515071106107,0.678210972408059,0.091071066058003,0.091071066058003,0.103140012081542,0.70309947737899,0.115794685733606,0.115794685733606,0.024888504970931,0.024723619675603,0.0414836441635132,0.0414836441635132
"147","8",0.663061306494331,"Exp2","short",0.0185477266963467,0.681609033190678,0.0889433172304258,0.0889433172304258,0.0559886021368788,0.71904990863121,0.118364467984697,0.118364467984697,0.037440875440532,0.0294211507542712,0.0564666872788664,0.0564666872788664
"148","8",0.672717132202972,"Exp1","short",-0.02038343914137,0.652333693061602,0.0634899751935185,0.0634899751935185,0.162931140634646,0.835648272837618,0.170881696132188,0.170881696132188,0.183314579776016,0.10739172093867,0.272498753191715,0.272498753191715
"149","8",0.7328,"Exp2","short",-0.0212035418058245,0.711596458194175,0.0903439508156373,0.0903439508156373,0.0834115282167567,0.816211528216757,0.178836913455114,0.178836913455114,0.104615070022582,0.0884929626394767,0.142760739659637,0.142760739659637
"150","8",0.8,"Exp1","short",-0.133503403053064,0.666496596946936,0.0625587050802337,0.0625587050802337,0.217911233162847,1.01791123316285,0.156227407896994,0.156227407896994,0.351414636215914,0.0936687028167603,0.439268295269892,0.439268295269892
"151","8",1.2,"Exp1","long",0.165624815609165,1.36562481560916,0.179049753963245,0.179049753963245,-0.036349547466788,1.16365045253321,0.182752655877557,0.182752655877557,-0.20197436307595,0.00370290191431202,-0.168311969229958,0.168311969229958
"152","8",1.31,"Exp2","long",0.199278258624472,1.50927825862447,0.212419048937586,0.212419048937586,-0.149000071052746,1.16099992894725,0.303813745974615,0.303813745974615,-0.34827832967722,0.091394697037029,-0.26586132036429,0.26586132036429
"153","8",1.42704853800327,"Exp1","long",0.065670629868957,1.49271916787223,0.312488735874193,0.312488735874193,-0.223012748111255,1.20403578989201,0.191326683601208,0.191326683601208,-0.28868337798022,-0.121162052272985,-0.202294014739083,0.202294014739083
"154","8",1.44778166151097,"Exp2","long",0.140674370779452,1.58845603229042,0.292403701968432,0.292403701968432,-0.0715840973854662,1.3761975641255,0.286366927568584,0.286366927568584,-0.21225846816492,-0.00603677439984801,-0.146609446581467,0.146609446581467
"155","8",1.60005476290647,"Exp2","long",0.0352229080353289,1.6352776709418,0.285880560210499,0.285880560210499,-0.417464905999957,1.18258985690651,0.321999650113916,0.321999650113916,-0.45268781403529,0.036119089903417,-0.282920200314264,0.282920200314264
"156","8",1.69705627484772,"Exp1","long",-0.00658345950844107,1.69047281533928,0.304604635823847,0.304604635823847,-0.360287964583,1.33676831026472,0.217755266898018,0.217755266898018,-0.35370450507456,-0.086849368925829,-0.208422378395377,0.208422378395377
"157","8",1.76834346805288,"Exp2","long",-0.187295599083031,1.58104786896985,0.275835631993464,0.275835631993464,-0.491053997007029,1.27728947104585,0.293365735216243,0.293365735216243,-0.303758397924,0.017530103222779,-0.171775677865606,0.171775677865606
"158","8",1.954332247557,"Exp2","long",-0.288069088189386,1.66626315936761,0.283254704480854,0.283254704480854,-0.563822689285018,1.39050955827198,0.393774394106489,0.393774394106489,-0.27575360109563,0.110519689625635,-0.14109862918157,0.14109862918157
"159","8",2.01815139660892,"Exp1","long",-0.17384651705578,1.84430487955314,0.314904879056038,0.314904879056038,-0.555101071232058,1.46305032537686,0.249137613973868,0.249137613973868,-0.38125455417628,-0.06576726508217,-0.188912761855676,0.188912761855676
"160","8",2.4,"Exp1","long",-0.453486534033937,1.94651346596606,0.374982382152859,0.374982382152859,-0.763236799090957,1.63676320090904,0.326214251220177,0.326214251220177,-0.30975026505702,-0.048768130932682,-0.129062610440425,0.129062610440425
"161","9",0.4,"Exp1","short",0.0972390746635059,0.497239074663506,0.0807890035882315,0.0807890035882315,0.152225133322541,0.552225133322541,0.0932050827357598,0.0932050827357598,0.054986058659035,0.0124160791475283,0.137465146647587,0.137465146647587
"162","9",0.475682846001088,"Exp1","short",0.0621013290521558,0.537784175053244,0.0947641550957498,0.0947641550957498,0.107959782554718,0.583642628555806,0.0714938129297455,0.0714938129297455,0.0458584535025619,-0.0232703421660043,0.0964055228984587,0.0964055228984587
"163","9",0.4912,"Exp2","short",0.0915070143577343,0.582707014357734,0.112733893692043,0.112733893692043,0.0484649151202187,0.539664915120219,0.0771776562294736,0.0771776562294736,-0.043042099237515,-0.0355562374625694,-0.0876264235291429,0.0876264235291429
"164","9",0.542862864224572,"Exp2","short",0.0707975894704125,0.613660453694984,0.111646618770583,0.111646618770583,0.0744665243896757,0.617329388614248,0.0503841563907684,0.0503841563907684,0.00366893491926401,-0.0612624623798146,0.00675849309476112,0.00675849309476112
"165","9",0.565685424949238,"Exp1","short",0.0529652104857072,0.618650635434945,0.0809502583075171,0.0809502583075171,0.0773619947613478,0.643047419710586,0.108457943514978,0.108457943514978,0.024396784275641,0.0275076852074609,0.0431278290011276,0.0431278290011276
"166","9",0.599959465297448,"Exp2","short",0.0156771738358514,0.615636639133299,0.10512144367763,0.10512144367763,0.00351666046001167,0.60347612575746,0.0729889006046581,0.0729889006046581,-0.012160513375839,-0.0321325430729719,-0.0202688916155528,0.0202688916155528
"167","9",0.663061306494331,"Exp2","short",0.00898213665444639,0.672043443148777,0.102490259394917,0.102490259394917,0.00394763665520889,0.66700894314954,0.0565725476937362,0.0565725476937362,-0.005034499999237,-0.0459177117011808,-0.00759281223308729,0.00759281223308729
"168","9",0.672717132202972,"Exp1","short",0.00316727580724632,0.675884408010218,0.0851541310326979,0.0851541310326979,0.0469127327379611,0.719629864940933,0.0672506338972994,0.0672506338972994,0.043745456930715,-0.0179034971353985,0.0650280107888141,0.0650280107888141
"169","9",0.7328,"Exp2","short",0.00394751740818466,0.736747517408185,0.0872795117883976,0.0872795117883977,-0.0263161964357056,0.706483803564294,0.0920716329624452,0.0920716329624452,-0.030263713843891,0.0047921211740475,-0.041298736140681,0.041298736140681
"170","9",0.8,"Exp1","short",-0.0625760429536026,0.737423957046397,0.0680532972526313,0.0680532972526313,-0.0163425098827118,0.783657490117288,0.104344421332307,0.104344421332307,0.0462335330708911,0.0362911240796757,0.0577919163386138,0.0577919163386138
"171","9",1.2,"Exp1","long",0.186881964552898,1.3868819645529,0.136428715404654,0.136428715404654,0.191309112642025,1.39130911264203,0.150902330736565,0.150902330736565,0.00442714808913003,0.014473615331911,0.00368929007427502,0.00368929007427502
"172","9",1.31,"Exp2","long",0.0755233402800871,1.38552334028009,0.17419922423776,0.17419922423776,-0.00809469013567433,1.30190530986433,0.120166117622765,0.120166117622765,-0.0836180304157599,-0.054033106614995,-0.0638305575692824,0.0638305575692824
"173","9",1.42704853800327,"Exp1","long",0.106565498843127,1.5336140368464,0.12748277762369,0.12748277762369,0.0950303795703692,1.52207891757364,0.135261191253601,0.135261191253601,-0.01153511927276,0.007778413629911,-0.00808320037165655,0.00808320037165655
"174","9",1.44778166151097,"Exp2","long",-0.0429681344844247,1.40481352702655,0.121531830390156,0.121531830390156,-0.0253048191105436,1.42247684240043,0.145167511445535,0.145167511445535,0.0176633153738799,0.023635681055379,0.0122002618512557,0.0122002618512557
"175","9",1.60005476290647,"Exp2","long",-0.0727599757380743,1.5272947871684,0.14882403812885,0.14882403812885,-0.0597017952815593,1.54035296762491,0.126887244443401,0.126887244443401,0.01305818045651,-0.021936793685449,0.00816108345741244,0.00816108345741244
"176","9",1.69705627484772,"Exp1","long",-0.00272732356330236,1.69432895128442,0.144611637044855,0.144611637044855,0.00428149666562285,1.70133777151334,0.205366588268203,0.205366588268203,0.00700882022892002,0.060754951223348,0.00412998692665565,0.00412998692665565
"177","9",1.76834346805288,"Exp2","long",-0.0802340415246138,1.68810942652827,0.179311338706715,0.179311338706715,-0.170694784689549,1.59764868336333,0.254649581902721,0.254649581902721,-0.0904607431649398,0.075338243196006,-0.0511556407446942,0.0511556407446942
"178","9",1.954332247557,"Exp2","long",-0.0865620651946233,1.86777018236238,0.202503274668416,0.202503274668416,-0.117567158407992,1.83676508914901,0.145367820731682,0.145367820731682,-0.0310050932133701,-0.057135453936734,-0.0158648015208917,0.0158648015208917
"179","9",2.01815139660892,"Exp1","long",-0.196791281660942,1.82136011494798,0.168186467878805,0.168186467878805,-0.266174400259734,1.75197699634919,0.180728399204069,0.180728399204069,-0.0693831185987899,0.012541931325264,-0.034379540957816,0.034379540957816
"180","9",2.4,"Exp1","long",-0.497474603167939,1.90252539683206,0.272739679579678,0.272739679579678,-0.15809325507128,2.24190674492872,0.153887256637113,0.153887256637113,0.33938134809666,-0.118852422942565,0.141408895040275,0.141408895040275
"181","10",0.4,"Exp1","short",0.0816713680142736,0.481671368014274,0.0819310046418184,0.0819310046418184,0.124219310432143,0.524219310432143,0.0805996631829915,0.0805996631829915,0.042547942417869,-0.00133134145882691,0.106369856044672,0.106369856044672
"182","10",0.475682846001088,"Exp1","short",0.109547581883644,0.585230427884732,0.112290393111612,0.112290393111612,0.125653103914577,0.601335949915665,0.0810645223829993,0.0810645223829993,0.016105522030933,-0.0312258707286127,0.0338576893540032,0.0338576893540032
"183","10",0.4912,"Exp2","short",0.103505333772375,0.594705333772375,0.112294842816509,0.112294842816509,0.176487576280904,0.667687576280904,0.12752357337318,0.12752357337318,0.072982242508529,0.015228730556671,0.148579483934302,0.148579483934302
"184","10",0.542862864224572,"Exp2","short",0.0814304861595694,0.624293350384141,0.101627108802717,0.101627108802717,0.173354561639448,0.71621742586402,0.100152688444383,0.100152688444383,0.091924075479879,-0.00147442035833399,0.169332038600916,0.169332038600916
"185","10",0.565685424949238,"Exp1","short",0.0605318101958717,0.62621723514511,0.108857645670567,0.108857645670567,0.0779792049353918,0.64366462988463,0.0791396923609649,0.0791396923609649,0.0174473947395201,-0.0297179533096021,0.0308429278358828,0.0308429278358828
"186","10",0.599959465297448,"Exp2","short",0.0420993080900077,0.642058773387456,0.0767702287361644,0.0767702287361644,0.128691937939076,0.728651403236524,0.11616817878998,0.11616817878998,0.086592629849068,0.0393979500538156,0.144330800425221,0.144330800425221
"187","10",0.663061306494331,"Exp2","short",-0.0433481951182177,0.619713111376113,0.106642980741099,0.106642980741099,0.0358815970583702,0.698942903552701,0.088881544226814,0.088881544226814,0.079229792176588,-0.017761436514285,0.11949089986186,0.11949089986186
"188","10",0.672717132202972,"Exp1","short",-0.0327888631152027,0.639928269087769,0.107477983134522,0.107477983134522,0.0623438979407252,0.735061030143697,0.0666192618500668,0.0666192618500668,0.0951327610559279,-0.0408587212844552,0.141415695396954,0.141415695396954
"189","10",0.7328,"Exp2","short",-0.0305721223472552,0.702227877652745,0.106821627776486,0.106821627776486,-0.0334762985593621,0.699323701440638,0.10733625462375,0.10733625462375,-0.00290417621210692,0.000514626847263999,-0.00396312256018958,0.00396312256018958
"190","10",0.8,"Exp1","short",-0.0980617688788008,0.701938231121199,0.106932173076141,0.106932173076141,-0.0752139953696054,0.724786004630395,0.112387659332295,0.112387659332295,0.022847773509196,0.005455486256154,0.028559716886495,0.028559716886495
"191","10",1.2,"Exp1","long",0.227438821975651,1.42743882197565,0.197963316356736,0.197963316356736,0.207774300378011,1.40777430037801,0.140699553766022,0.140699553766022,-0.0196645215976399,-0.057263762590714,-0.0163871013313666,0.0163871013313666
"192","10",1.31,"Exp2","long",0.0449472804297056,1.35494728042971,0.245558881663092,0.245558881663092,-0.00297838328904208,1.30702161671096,0.236802432578951,0.236802432578951,-0.04792566371875,-0.008756449084141,-0.0365844761211832,0.0365844761211832
"193","10",1.42704853800327,"Exp1","long",0.203714779754546,1.63076331775782,0.139627286202623,0.139627286202623,0.179990230455152,1.60703876845842,0.10223432736759,0.10223432736759,-0.0237245492994,-0.037392958835033,-0.0166249070494795,0.0166249070494795
"194","10",1.44778166151097,"Exp2","long",0.0234216131638957,1.47120327467487,0.186656982784867,0.186656982784867,-0.023119599310455,1.42466206220052,0.202939736427055,0.202939736427055,-0.0465412124743501,0.016282753642188,-0.0321465685825704,0.0321465685825704
"195","10",1.60005476290647,"Exp2","long",0.00249715688265686,1.60255191978913,0.225551553541291,0.225551553541291,-0.176393367002706,1.42366139590376,0.232874561370151,0.232874561370151,-0.17889052388537,0.00732300782886,-0.111802750776116,0.111802750776116
"196","10",1.69705627484772,"Exp1","long",0.170444349752271,1.86750062459999,0.137495054157382,0.137495054157382,0.0585440988903121,1.75560037373803,0.145794390847608,0.145794390847608,-0.11190025086196,0.00829933669022601,-0.0659378551674729,0.0659378551674729
"197","10",1.76834346805288,"Exp2","long",-0.0717268543060783,1.6966166137468,0.232512890641254,0.232512890641254,-0.350731986927733,1.41761148112515,0.212654857725676,0.212654857725676,-0.27900513262165,-0.019858032915578,-0.157777681577246,0.157777681577246
"198","10",1.954332247557,"Exp2","long",-0.104641167570871,1.84969107998613,0.218538461407766,0.218538461407766,-0.554973376745612,1.39935887081139,0.284905663858916,0.284905663858916,-0.45033220917474,0.06636720245115,-0.230427661283118,0.230427661283118
"199","10",2.01815139660892,"Exp1","long",0.225394311169189,2.24354570777811,0.123575818894783,0.123575818894783,-0.00312246210513,2.01502893450379,0.152986816287552,0.152986816287552,-0.22851677327432,0.029410997392769,-0.113230738614702,0.113230738614702
"200","10",2.4,"Exp1","long",0.0136065105415679,2.41360651054157,0.186260623831588,0.186260623831588,-0.142678884099276,2.25732111590072,0.197810878468482,0.197810878468482,-0.15628539464085,0.011550254636894,-0.0651189144336876,0.0651189144336876
"201","11",0.4,"Exp1","short",0.0851237641466544,0.485123764146654,0.0592022691655703,0.0592022691655703,0.0533465036232493,0.453346503623249,0.0615264483849075,0.0615264483849075,-0.031777260523405,0.0023241792193372,-0.0794431513085124,0.0794431513085124
"202","11",0.475682846001088,"Exp1","short",0.0324179464820987,0.508100792483187,0.0544295382075408,0.0544295382075408,0.0119523664347413,0.487635212435829,0.045155933158282,0.0451559331582821,-0.0204655800473579,-0.0092736050492587,-0.0430235822447781,0.0430235822447781
"203","11",0.4912,"Exp2","short",0.0526739127436182,0.543873912743618,0.068557785864463,0.068557785864463,0.116428449756021,0.607628449756021,0.075644800289889,0.075644800289889,0.0637545370124031,0.007087014425426,0.129793438543166,0.129793438543166
"204","11",0.542862864224572,"Exp2","short",0.0182532242766449,0.561116088501217,0.0486886089736022,0.0486886089736022,0.123988079722731,0.666850943947303,0.0825305347425571,0.0825305347425571,0.105734855446086,0.0338419257689549,0.194772680936867,0.194772680936867
"205","11",0.565685424949238,"Exp1","short",0.00503366874270802,0.570719093691946,0.0555374631481169,0.0555374631481169,0.0179462073830286,0.583631632332267,0.0983983757108869,0.0983983757108869,0.012912538640321,0.04286091256277,0.0228263590872608,0.0228263590872608
"206","11",0.599959465297448,"Exp2","short",-0.0340402852025619,0.565919180094886,0.0450210866938854,0.0450210866938854,0.118541326176395,0.718500791473843,0.129471463995837,0.129471463995837,0.152581611378957,0.0844503773019516,0.25431986693186,0.25431986693186
"207","11",0.663061306494331,"Exp2","short",-0.0968334183745907,0.56622788811974,0.0474000027090775,0.0474000027090775,0.101175817074261,0.764237123568592,0.137093835826829,0.137093835826829,0.198009235448852,0.0896938331177515,0.298628850016518,0.298628850016518
"208","11",0.672717132202972,"Exp1","short",-0.0839368131749336,0.588780319028038,0.0730853167942465,0.0730853167942465,0.0160655971081403,0.688782729311112,0.076632643370909,0.076632643370909,0.100002410283074,0.0035473265766625,0.148654472282566,0.148654472282566
"209","11",0.7328,"Exp2","short",-0.114865482664128,0.617934517335872,0.0672446000777872,0.0672446000777872,0.120552626174456,0.853352626174456,0.134488770822826,0.134488770822826,0.235418108838584,0.0672441707450388,0.321258336297194,0.321258336297194
"210","11",0.8,"Exp1","short",-0.156226647467421,0.643773352532579,0.069037186486454,0.069037186486454,0.111629613470399,0.911629613470399,0.124229989107434,0.124229989107434,0.26785626093782,0.05519280262098,0.334820326172275,0.334820326172275
"211","11",1.2,"Exp1","long",0.106944652644325,1.30694465264433,0.158215529171094,0.158215529171094,0.146451005942916,1.34645100594292,0.174416258124549,0.174416258124549,0.03950635329859,0.016200728953455,0.0329219610821583,0.0329219610821583
"212","11",1.31,"Exp2","long",0.0428161799454815,1.35281617994548,0.216668967172677,0.216668967172677,-0.0841308738053311,1.22586912619467,0.191022164330613,0.191022164330613,-0.12694705375081,-0.025646802842064,-0.0969061479013818,0.0969061479013818
"213","11",1.42704853800327,"Exp1","long",0.17054703619848,1.59759557420175,0.259390388944606,0.259390388944606,0.0243709763656446,1.45141951436891,0.226854629668853,0.226854629668853,-0.14617605983284,-0.032535759275753,-0.102432437257789,0.102432437257789
"214","11",1.44778166151097,"Exp2","long",0.0596146389406071,1.50739630045158,0.262680343442428,0.262680343442428,-0.311597790822936,1.13618387068803,0.169993192451838,0.169993192451838,-0.37121242976355,-0.09268715099059,-0.256400836971602,0.256400836971602
"215","11",1.60005476290647,"Exp2","long",-0.12851334452072,1.47154141838575,0.244210998825704,0.244210998825704,-0.357010190271856,1.24304457263461,0.17094994756159,0.17094994756159,-0.22849684575114,-0.073261051264114,-0.142805640811993,0.142805640811993
"216","11",1.69705627484772,"Exp1","long",-0.035480944950154,1.66157532989757,0.186023219317092,0.186023219317092,0.0201698278833792,1.7172261027311,0.19030081638011,0.19030081638011,0.05565077283353,0.004277597063018,0.0327925323740509,0.0327925323740509
"217","11",1.76834346805288,"Exp2","long",-0.141406862289626,1.62693660576325,0.250626616152171,0.250626616152171,-0.309902398447796,1.45844106960508,0.16114238589059,0.16114238589059,-0.16849553615817,-0.089484230261581,-0.0952843942380154,0.0952843942380154
"218","11",1.954332247557,"Exp2","long",-0.227672546264883,1.72665970129212,0.301044582149347,0.301044582149347,-0.558173869134821,1.39615837842218,0.237285896356341,0.237285896356341,-0.33050132286994,-0.063758685793006,-0.169112147273362,0.169112147273362
"219","11",2.01815139660892,"Exp1","long",0.00616876040292451,2.02432015701184,0.280828661096972,0.280828661096972,-0.0621498324968107,1.95600156411211,0.286994229135025,0.286994229135025,-0.0683185928997299,0.00616556803805296,-0.0338520653180554,0.0338520653180554
"220","11",2.4,"Exp1","long",-0.17830717269162,2.22169282730838,0.255080285238809,0.255080285238809,-0.136467351438933,2.26353264856107,0.236584134429134,0.236584134429134,0.0418398212526898,-0.018496150809675,0.0174332588552874,0.0174332588552874
"221","12",0.4,"Exp1","short",0.0321356834385558,0.432135683438556,0.0488870245560907,0.0488870245560907,0.0544841350059738,0.454484135005974,0.06500635198082,0.06500635198082,0.022348451567418,0.0161193274247293,0.055871128918545,0.055871128918545
"222","12",0.475682846001088,"Exp1","short",0.0260564281854912,0.501739274186579,0.0714166289698519,0.0714166289698519,0.0945168522288934,0.570199698229981,0.0508686451424693,0.0508686451424693,0.0684604240434019,-0.0205479838273826,0.143920312912115,0.143920312912115
"223","12",0.4912,"Exp2","short",0.0842100643051364,0.575410064305136,0.0788591889712027,0.0788591889712027,0.122126963669351,0.613326963669351,0.0638247525428676,0.0638247525428675,0.0379168993642151,-0.0150344364283352,0.0771923846991349,0.0771923846991349
"224","12",0.542862864224572,"Exp2","short",0.0566423072578187,0.599505171482391,0.0646564830888994,0.0646564830888994,0.0967569997064979,0.63961986393107,0.069771125853488,0.069771125853488,0.0401146924486789,0.0051146427645886,0.0738947072866717,0.0738947072866717
"225","12",0.565685424949238,"Exp1","short",0.0551301429803075,0.620815567929546,0.0926512605246287,0.0926512605246287,0.109357291486417,0.675042716435655,0.0680745752660702,0.0680745752660702,0.0542271485061091,-0.0245766852585585,0.0958609610826993,0.0958609610826993
"226","12",0.599959465297448,"Exp2","short",0.00329616880367303,0.603255634101121,0.0588394745395697,0.0588394745395697,0.076244341127714,0.676203806425162,0.0644683637856165,0.0644683637856165,0.0729481723240409,0.00562888924604681,0.121588501462969,0.121588501462969
"227","12",0.663061306494331,"Exp2","short",-0.0288612805480095,0.634200025946322,0.0688980264720628,0.0688980264720628,0.0519779800084191,0.71503928650275,0.059332910899691,0.059332910899691,0.080839260556428,-0.00956511557237181,0.121918229528176,0.121918229528176
"228","12",0.672717132202972,"Exp1","short",-0.0241203811380053,0.648596751064967,0.0874787119169429,0.0874787119169429,0.0885963898625511,0.761313522065523,0.0635037152589592,0.0635037152589592,0.112716771000556,-0.0239749966579837,0.167554482567492,0.167554482567492
"229","12",0.7328,"Exp2","short",-0.079440860105034,0.653359139894966,0.0787064255488679,0.0787064255488679,0.0176842647387184,0.750484264738718,0.10016574312428,0.10016574312428,0.097125124843752,0.0214593175754121,0.13253974460119,0.13253974460119
"230","12",0.8,"Exp1","short",-0.0402614804234942,0.759738519576506,0.124956580817057,0.124956580817057,0.0236035664189593,0.823603566418959,0.117037666889999,0.117037666889999,0.0638650468424531,-0.007918913927058,0.0798313085530664,0.0798313085530664
"231","12",1.2,"Exp1","long",0.1389455918772,1.3389455918772,0.18738474490361,0.18738474490361,0.107593777781481,1.30759377778148,0.153091735073042,0.153091735073042,-0.0313518140957201,-0.034293009830568,-0.0261265117464334,0.0261265117464334
"232","12",1.31,"Exp2","long",0.0432070480856607,1.35320704808566,0.229570179409696,0.229570179409696,-0.0783574620809193,1.23164253791908,0.109672900463716,0.109672900463716,-0.12156451016658,-0.11989727894598,-0.0927973360050228,0.0927973360050228
"233","12",1.42704853800327,"Exp1","long",0.133469501798812,1.56051803980208,0.182777686200955,0.182777686200955,0.0610932559488443,1.48814179395211,0.0934677149093763,0.0934677149093763,-0.0723762458499699,-0.0893099712915787,-0.0507174380706342,0.0507174380706342
"234","12",1.44778166151097,"Exp2","long",-0.0889483425305307,1.35883331898044,0.166656499503232,0.166656499503232,-0.0733080162347607,1.37447364527621,0.142678348592283,0.142678348592283,0.0156403262957701,-0.023978150910949,0.0108029592524657,0.0108029592524657
"235","12",1.60005476290647,"Exp2","long",-0.0348703943955423,1.56518436851093,0.225286759220045,0.225286759220045,-0.164438812297865,1.43561595060861,0.210455408242663,0.210455408242664,-0.12956841790232,-0.014831350977381,-0.0809774895872697,0.0809774895872697
"236","12",1.69705627484772,"Exp1","long",0.083195078798121,1.78025135364584,0.21652644778905,0.21652644778905,0.138493520710909,1.83554979555863,0.0972339411827399,0.0972339411827399,0.05529844191279,-0.11929250660631,0.0325849193879867,0.0325849193879867
"237","12",1.76834346805288,"Exp2","long",-0.168605945284871,1.59973752276801,0.201990829602859,0.201990829602859,-0.130454365065058,1.63788910298782,0.183663942028011,0.183663942028011,0.03815158021981,-0.018326887574848,0.0215747567760796,0.0215747567760796
"238","12",1.954332247557,"Exp2","long",-0.219371086806367,1.73496116075063,0.198607851081397,0.198607851081397,-0.262716247187548,1.69161600036945,0.217688899065167,0.217688899065167,-0.0433451603811799,0.01908104798377,-0.0221790130288047,0.0221790130288047
"239","12",2.01815139660892,"Exp1","long",0.0265711119811904,2.04472250859011,0.303705386099513,0.303705386099513,-0.02717921949523,1.99097217711369,0.137850924917844,0.137850924917844,-0.0537503314764203,-0.165854461181669,-0.026633448593964,0.026633448593964
"240","12",2.4,"Exp1","long",0.0249412957234593,2.42494129572346,0.198615639131468,0.198615639131468,0.00408293950551142,2.40408293950551,0.319958715169907,0.319958715169907,-0.0208583562179498,0.121343076038439,-0.0086909817574791,0.0086909817574791
"241","13",0.4,"Exp1","short",0.067272861568199,0.467272861568199,0.0763320685248763,0.0763320685248763,0.0836544126103814,0.483654412610381,0.0630898520962549,0.0630898520962549,0.016381551042182,-0.0132422164286214,0.0409538776054549,0.0409538776054549
"242","13",0.475682846001088,"Exp1","short",0.0371897784603395,0.512872624461427,0.0667731727238954,0.0667731727238954,0.102826427789109,0.578509273790197,0.0597653799111071,0.0597653799111071,0.06563664932877,-0.00700779281278829,0.13798405782457,0.13798405782457
"243","13",0.4912,"Exp2","short",0.0623674979938838,0.553567497993884,0.0540485634745254,0.0540485634745254,0.438351769464372,0.929551769464372,0.122474556044293,0.122474556044293,0.375984271470488,0.0684259925697676,0.765440292081612,0.765440292081612
"244","13",0.542862864224572,"Exp2","short",0.0169842346869995,0.559847098911571,0.0859814442880957,0.0859814442880957,0.395361057918085,0.938223922142657,0.162186562970005,0.162186562970005,0.378376823231086,0.0762051186819093,0.69700259156898,0.69700259156898
"245","13",0.565685424949238,"Exp1","short",0.0127875595265369,0.578472984475775,0.0862116202795983,0.0862116202795983,0.0499620169854273,0.615647441934665,0.0735330862483219,0.0735330862483219,0.03717445745889,-0.0126785340312764,0.0657157773902799,0.0657157773902799
"246","13",0.599959465297448,"Exp2","short",-0.0290120539786121,0.570947411318836,0.0656918638543546,0.0656918638543546,0.390162114514916,0.990121579812363,0.151176828241426,0.151176828241426,0.419174168493527,0.0854849643870714,0.698670814845314,0.698670814845314
"247","13",0.663061306494331,"Exp2","short",-0.0965718593957079,0.566489447098623,0.060650102521368,0.060650102521368,0.305250289727941,0.968311596222272,0.153040642209259,0.153040642209259,0.401822149123649,0.092390539687891,0.606010553154008,0.606010553154008
"248","13",0.672717132202972,"Exp1","short",0.0241293362876371,0.696846468490609,0.107798024678466,0.107798024678466,0.0383477263715387,0.711064858574511,0.100744188111219,0.100744188111219,0.0142183900839019,-0.00705383656724699,0.0211357633145753,0.0211357633145753
"249","13",0.7328,"Exp2","short",-0.164167807004037,0.568632192995963,0.0554916408708772,0.0554916408708772,0.15846789002975,0.89126789002975,0.160141469702867,0.160141469702867,0.322635697033787,0.10464982883199,0.44027797084305,0.44027797084305
"250","13",0.8,"Exp1","short",0.00271926700891831,0.802719267008918,0.0887166076807471,0.0887166076807471,0.0104751660994223,0.810475166099422,0.104395877547761,0.104395877547761,0.007755899090504,0.0156792698670139,0.00969487386313,0.00969487386313
"251","13",1.2,"Exp1","long",-0.0309129299326235,1.16908707006738,0.166614302918424,0.166614302918424,0.112739294107814,1.31273929410781,0.105299155021591,0.105299155021591,0.14365222404043,-0.061315147896833,0.119710186700358,0.119710186700358
"252","13",1.31,"Exp2","long",0.129134379422831,1.43913437942283,0.287404001517373,0.287404001517373,0.00203889777251399,1.31203889777251,0.199199138953161,0.199199138953161,-0.12709548165032,-0.088204862564212,-0.0970194516414657,0.0970194516414657
"253","13",1.42704853800327,"Exp1","long",0.0968245470498827,1.52387308505315,0.199904320820627,0.199904320820627,0.0690969872128393,1.49614552521611,0.158787839596051,0.158787839596051,-0.0277275598370399,-0.041116481224576,-0.019430004725583,0.019430004725583
"254","13",1.44778166151097,"Exp2","long",0.00778445613344167,1.45556611764441,0.239346146361668,0.239346146361668,-0.152993647502988,1.29478801400798,0.266262559428534,0.266262559428534,-0.16077810363643,0.026916413066866,-0.111051346974954,0.111051346974954
"255","13",1.60005476290647,"Exp2","long",-0.0826839083146846,1.51737085459179,0.316114973969971,0.316114973969971,-0.377502868446396,1.22255189446007,0.247655561543371,0.247655561543371,-0.29481896013172,-0.0684594124266,-0.184255543601637,0.184255543601637
"256","13",1.69705627484772,"Exp1","long",-0.00935643892730573,1.68769983592041,0.165837381598961,0.165837381598961,0.136798101452656,1.83385437630038,0.189384232154918,0.189384232154918,0.14615454037997,0.023546850555957,0.0861223888365663,0.0861223888365663
"257","13",1.76834346805288,"Exp2","long",-0.305020133480944,1.46332333457194,0.235058635963274,0.235058635963274,-0.429847772809048,1.33849569524383,0.209961307625858,0.209961307625858,-0.12482763932811,-0.025097328337416,-0.0705901549010485,0.0705901549010485
"258","13",1.954332247557,"Exp2","long",-0.329935116035079,1.62439713152192,0.316606528658666,0.316606528658667,-0.438422694091926,1.51590955346507,0.266500586861579,0.266500586861579,-0.10848757805685,-0.050105941797088,-0.0555113278166822,0.0555113278166822
"259","13",2.01815139660892,"Exp1","long",-0.02150882290035,1.99664257370857,0.256660100156273,0.256660100156273,0.109407253085766,2.12755864969469,0.192414708270841,0.192414708270841,0.13091607598612,-0.064245391885432,0.0648693037628877,0.0648693037628877
"260","13",2.4,"Exp1","long",-0.228912688522321,2.17108731147768,0.322345050306578,0.322345050306578,0.112234752883719,2.51223475288372,0.0989144406101138,0.0989144406101139,0.34114744140604,-0.223430609696464,0.142144767252517,0.142144767252517
"261","14",0.4,"Exp1","short",0.0896019817012123,0.489601981701212,0.116780722139135,0.116780722139135,0.119609619843257,0.519609619843257,0.145910407362438,0.145910407362438,0.030007638142045,0.029129685223303,0.0750190953551126,0.0750190953551126
"262","14",0.475682846001088,"Exp1","short",0.123405598795419,0.599088444796507,0.086320902538973,0.086320902538973,0.0691566076943106,0.544839453695399,0.0538293553171056,0.0538293553171056,-0.054248991101108,-0.0324915472218674,-0.114044455370131,0.114044455370131
"263","14",0.4912,"Exp2","short",0.145005306091748,0.636205306091749,0.115819198702122,0.115819198702122,0.189925606096365,0.681125606096365,0.094093399250984,0.0940933992509839,0.044920300004616,-0.0217257994511381,0.0914501221592345,0.0914501221592345
"264","14",0.542862864224572,"Exp2","short",0.0587795642536289,0.601642428478201,0.115770319311882,0.115770319311882,0.167727710240809,0.710590574465381,0.178005114155718,0.178005114155718,0.10894814598718,0.062234794843836,0.200691837970538,0.200691837970538
"265","14",0.565685424949238,"Exp1","short",0.0806994118114965,0.646384836760735,0.0861821104886148,0.0861821104886148,0.147402608436139,0.713088033385377,0.0913274353593998,0.0913274353593997,0.066703196624642,0.00514532487078491,0.11791570665026,0.11791570665026
"266","14",0.599959465297448,"Exp2","short",0.0662971822451414,0.66625664754259,0.0890131039962513,0.0890131039962513,0.0909644416922921,0.69092390698974,0.105453188408975,0.105453188408975,0.0246672594471501,0.0164400844127237,0.0411148767107467,0.0411148767107467
"267","14",0.663061306494331,"Exp2","short",-0.00336181853878146,0.65969948795555,0.0976684004804894,0.0976684004804894,0.0427300110234498,0.705791317517781,0.122838458615856,0.122838458615856,0.046091829562231,0.0251700581353666,0.0695136771076614,0.0695136771076614
"268","14",0.672717132202972,"Exp1","short",0.0896493023213012,0.762366434524273,0.0723599823829202,0.0723599823829202,-0.00529588425924844,0.667421247943724,0.101454377929109,0.101454377929109,-0.094945186580549,0.0290943955461888,-0.141136864271062,0.141136864271062
"269","14",0.7328,"Exp2","short",-0.0532965035928841,0.679503496407116,0.112561408722433,0.112561408722433,-0.00958444067097564,0.723215559329024,0.118438407832351,0.118438407832351,0.043712062921908,0.005876999109918,0.0596507408868832,0.0596507408868832
"270","14",0.8,"Exp1","short",-0.031723955355067,0.768276044644933,0.103769591098468,0.103769591098468,0.00653795064734811,0.806537950647348,0.0895354097294765,0.0895354097294765,0.038261906002415,-0.0142341813689915,0.0478273825030187,0.0478273825030187
"271","14",1.2,"Exp1","long",0.149723792313481,1.34972379231348,0.237042819917933,0.237042819917933,0.119360952987056,1.31936095298706,0.17139531226051,0.17139531226051,-0.0303628393264199,-0.065647507657423,-0.0253023661053499,0.0253023661053499
"272","14",1.31,"Exp2","long",0.105075917231188,1.41507591723119,0.205767511491217,0.205767511491217,-0.303352953344389,1.00664704665561,0.211629103298687,0.211629103298687,-0.40842887057558,0.00586159180747001,-0.311777763798153,0.311777763798153
"273","14",1.42704853800327,"Exp1","long",0.180889687109048,1.60793822511232,0.23010915159305,0.23010915159305,0.175661773766301,1.60271031176957,0.146145319664901,0.146145319664901,-0.00522791334274997,-0.083963831928149,-0.00366344465764625,0.00366344465764625
"274","14",1.44778166151097,"Exp2","long",0.112737277944222,1.56051893945519,0.267885962132448,0.267885962132448,-0.265991725889199,1.18178993562177,0.146337460314868,0.146337460314868,-0.37872900383342,-0.12154850181758,-0.261592624013597,0.261592624013597
"275","14",1.60005476290647,"Exp2","long",-0.14318869879544,1.45686606411103,0.252458395009745,0.252458395009745,-0.403950984240931,1.19610377866554,0.286803717911881,0.286803717911881,-0.26076228544549,0.034345322902136,-0.162970850430032,0.162970850430032
"276","14",1.69705627484772,"Exp1","long",0.0576827515716624,1.75473902641938,0.22591659321132,0.22591659321132,-0.0161812281497986,1.68087504669792,0.148535170354995,0.148535170354995,-0.07386397972146,-0.077381422856325,-0.0435247674553915,0.0435247674553915
"277","14",1.76834346805288,"Exp2","long",-0.196597009296595,1.57174645875628,0.243659292646586,0.243659292646586,-0.453130607789607,1.31521286026327,0.241363073025043,0.241363073025043,-0.25653359849301,-0.002296219621543,-0.14507000654996,0.14507000654996
"278","14",1.954332247557,"Exp2","long",-0.316913907481156,1.63741834007584,0.276078447053784,0.276078447053784,-0.552609001093863,1.40172324646314,0.283452153373198,0.283452153373198,-0.2356950936127,0.00737370631941403,-0.120601342943263,0.120601342943263
"279","14",2.01815139660892,"Exp1","long",-0.133632508290571,1.88451888831835,0.271409370964668,0.271409370964668,-0.126043966442846,1.89210743016607,0.276787904112766,0.276787904112766,0.00758854184772018,0.005378533148098,0.00376014498241863,0.00376014498241863
"280","14",2.4,"Exp1","long",-0.233459237575052,2.16654076242495,0.25403815066379,0.25403815066379,-0.0982573070311523,2.30174269296885,0.208344654990374,0.208344654990374,0.1352019305439,-0.045693495673416,0.0563341377266248,0.0563341377266248
"281","15",0.4,"Exp1","short",0.149336856655967,0.549336856655967,0.0860795612911939,0.0860795612911939,0.163065910228748,0.563065910228748,0.161565844395357,0.161565844395357,0.013729053572781,0.0754862831041631,0.0343226339319525,0.0343226339319525
"282","15",0.475682846001088,"Exp1","short",0.0926578782940762,0.568340724295164,0.0898608293473923,0.0898608293473923,0.112827337776196,0.588510183777284,0.0982105510011006,0.0982105510011006,0.02016945948212,0.0083497216537083,0.0424010654402994,0.0424010654402994
"283","15",0.4912,"Exp2","short",0.12492540887534,0.61612540887534,0.0822575036492607,0.0822575036492607,0.286827592468139,0.778027592468139,0.178156884665969,0.178156884665969,0.161902183592799,0.0958993810167083,0.329605422623777,0.329605422623777
"284","15",0.542862864224572,"Exp2","short",0.0915569752153551,0.634419839439927,0.0744584768881597,0.0744584768881597,0.351078781348679,0.893941645573251,0.165680239882409,0.165680239882409,0.259521806133324,0.0912217629942493,0.478061446520248,0.478061446520248
"285","15",0.565685424949238,"Exp1","short",0.0716725373726801,0.637357962321918,0.0806485673044514,0.0806485673044514,0.0938186645542029,0.659504089503441,0.110375246754547,0.110375246754547,0.022146127181523,0.0297266794500956,0.0391491917676866,0.0391491917676866
"286","15",0.599959465297448,"Exp2","short",0.0710286488283003,0.670988114125748,0.0740366248384658,0.0740366248384658,0.238394180063069,0.838353645360517,0.118407335480839,0.118407335480839,0.167365531234769,0.0443707106423732,0.278961398086773,0.278961398086773
"287","15",0.663061306494331,"Exp2","short",-0.0277378730754437,0.635323433418887,0.093186808232181,0.093186808232181,0.229499782506726,0.892561089001057,0.130107210461077,0.130107210461077,0.25723765558217,0.036920402228896,0.387954557237264,0.387954557237264
"288","15",0.672717132202972,"Exp1","short",0.00758876004273237,0.680305892245704,0.0912843000479595,0.0912843000479595,0.0440296406135526,0.716746772816525,0.140822825207847,0.140822825207847,0.036440880570821,0.0495385251598875,0.0541696930647308,0.0541696930647308
"289","15",0.7328,"Exp2","short",-0.0666384534043598,0.66616154659564,0.0591817634867048,0.0591817634867048,0.145052412895079,0.877852412895079,0.0924549209917761,0.0924549209917761,0.211690866299439,0.0332731575050713,0.288879457286352,0.288879457286352
"290","15",0.8,"Exp1","short",-0.0713537232733156,0.728646276726684,0.107618980722559,0.107618980722559,-0.0198992774093054,0.780100722590695,0.13304558959791,0.13304558959791,0.0514544458640109,0.025426608875351,0.0643180573300137,0.0643180573300137
"291","15",1.2,"Exp1","long",0.103164942737945,1.30316494273795,0.25400458547656,0.25400458547656,0.138428506971597,1.3384285069716,0.227434339143862,0.227434339143862,0.0352635642336501,-0.026570246332698,0.0293863035280417,0.0293863035280417
"292","15",1.31,"Exp2","long",0.152054389219853,1.46205438921985,0.218049394012484,0.218049394012484,-0.191022023422831,1.11897797657717,0.0731775835459076,0.0731775835459076,-0.34307641264268,-0.144871810466576,-0.26189039133029,0.26189039133029
"293","15",1.42704853800327,"Exp1","long",0.129940228615147,1.55698876661842,0.198204295567123,0.198204295567123,-0.14905091562525,1.27799762237802,0.262139425032975,0.262139425032975,-0.2789911442404,0.063935129465852,-0.195502210899403,0.195502210899403
"294","15",1.44778166151097,"Exp2","long",-0.0121818312698773,1.43559983024109,0.159012075019857,0.159012075019857,-0.295470454085415,1.15231120742556,0.166405596698586,0.166405596698586,-0.28328862281553,0.007393521678729,-0.195670818567958,0.195670818567958
"295","15",1.60005476290647,"Exp2","long",-0.185792089092472,1.414262673814,0.220013078530444,0.220013078530444,-0.425018406011824,1.17503635689465,0.131432706340944,0.131432706340944,-0.23922631691935,-0.0885803721895,-0.149511330777704,0.149511330777704
"296","15",1.69705627484772,"Exp1","long",-0.0117460589587683,1.68531021588895,0.252311191262705,0.252311191262705,-0.234495555282988,1.46256071956473,0.278477282672381,0.278477282672381,-0.22274949632422,0.026166091409676,-0.131256399463953,0.131256399463953
"297","15",1.76834346805288,"Exp2","long",-0.266712257130632,1.50163121092225,0.170620310728524,0.170620310728524,-0.556141311354707,1.21220215669817,0.123921022837644,0.123921022837644,-0.28942905422408,-0.04669928789088,-0.163672419670128,0.163672419670128
"298","15",1.954332247557,"Exp2","long",-0.458549289925631,1.49578295763137,0.204025293903743,0.204025293903743,-0.738739179181809,1.21559306837519,0.167131967875091,0.167131967875091,-0.28018988925618,-0.036893326028652,-0.143368605622933,0.143368605622933
"299","15",2.01815139660892,"Exp1","long",-0.11491447406005,1.90323692254887,0.282597586590345,0.282597586590345,-0.314002659869164,1.70414873673976,0.338944358614001,0.338944358614001,-0.19908818580911,0.056346772023656,-0.0986487862821569,0.0986487862821569
"300","15",2.4,"Exp1","long",-0.25377175187671,2.14622824812329,0.425202183533055,0.425202183533055,-0.384900818502585,2.01509918149741,0.439403838556556,0.439403838556556,-0.13112906662588,0.014201655023501,-0.0546371110941167,0.0546371110941167
"301","16",0.4,"Exp1","short",0.15324846676994,0.55324846676994,0.0916358683341219,0.0916358683341219,0.0481435334371003,0.4481435334371,0.0896577267780545,0.0896577267780545,-0.10510493333284,-0.0019781415560674,-0.2627623333321,0.2627623333321
"302","16",0.475682846001088,"Exp1","short",0.10103452171266,0.576717367713748,0.0694717190211352,0.0694717190211352,0.0390054365453304,0.514688282546418,0.0807981030239795,0.0807981030239795,-0.0620290851673301,0.0113263840028443,-0.130400088396688,0.130400088396688
"303","16",0.4912,"Exp2","short",0.0849028078469311,0.576102807846931,0.114100419051866,0.114100419051866,0.156188657880518,0.647388657880518,0.129086187513284,0.129086187513284,0.071285850033587,0.014985768461418,0.145125916192156,0.145125916192156
"304","16",0.542862864224572,"Exp2","short",0.0896511537520981,0.63251401797667,0.100908302636813,0.100908302636813,0.0928648395244023,0.635727703748974,0.127025354173808,0.127025354173808,0.00321368577230408,0.026117051536995,0.00591988508349069,0.00591988508349069
"305","16",0.565685424949238,"Exp1","short",0.0926783499049376,0.658363774854176,0.0579280141288638,0.0579280141288638,0.0460620028359257,0.611747427785164,0.118227292945321,0.118227292945321,-0.046616347069012,0.0602992788164572,-0.08240683781661,0.08240683781661
"306","16",0.599959465297448,"Exp2","short",0.0812288705910862,0.681188335888534,0.0927499706115122,0.0927499706115121,0.152433226785081,0.752392692082529,0.147412859709874,0.147412859709874,0.071204356193995,0.0546628890983619,0.118681944885549,0.118681944885549
"307","16",0.663061306494331,"Exp2","short",0.0217081122015196,0.684769418695851,0.0985505521310497,0.0985505521310497,0.15274799750451,0.815809303998841,0.112707856308221,0.112707856308221,0.13103988530299,0.0141573041771713,0.197628611441392,0.197628611441392
"308","16",0.672717132202972,"Exp1","short",-0.00703128235644943,0.665685849846523,0.0557488225986652,0.0557488225986652,0.113662618304275,0.786379750507247,0.16978770437333,0.16978770437333,0.120693900660724,0.114038881774665,0.179412556753956,0.179412556753956
"309","16",0.7328,"Exp2","short",-0.0154224982253887,0.717377501774611,0.110042875444645,0.110042875444645,0.0673081427235347,0.800108142723535,0.112147632317749,0.112147632317749,0.082730640948924,0.00210475687310401,0.112896617015453,0.112896617015453
"310","16",0.8,"Exp1","short",-0.0924473613532427,0.707552638646757,0.0866390827619803,0.0866390827619803,-0.0210744483791132,0.778925551620887,0.105919834629837,0.105919834629837,0.07137291297413,0.0192807518678567,0.0892161412176624,0.0892161412176624
"311","16",1.2,"Exp1","long",0.0308379820227672,1.23083798202277,0.190988584590346,0.190988584590346,-0.102180713558404,1.0978192864416,0.113575758669362,0.113575758669362,-0.13301869558117,-0.077412825920984,-0.110848912984308,0.110848912984308
"312","16",1.31,"Exp2","long",-0.0326892527334836,1.27731074726652,0.267537576108699,0.267537576108699,-0.213450326185716,1.09654967381428,0.123135685693554,0.123135685693554,-0.18076107345224,-0.144401890415145,-0.137985552253618,0.137985552253618
"313","16",1.42704853800327,"Exp1","long",0.0115794728274793,1.43862801083075,0.179114615457873,0.179114615457873,-0.06320800972355,1.36384052827972,0.239631307559123,0.239631307559123,-0.0747874825510302,0.06051669210125,-0.0524071049858423,0.0524071049858423
"314","16",1.44778166151097,"Exp2","long",-0.0867617118531815,1.36101994965779,0.262103705267686,0.262103705267686,-0.210536092000203,1.23724556951077,0.157858803054068,0.157858803054068,-0.12377438014702,-0.104244902213618,-0.0854924353841058,0.0854924353841058
"315","16",1.60005476290647,"Exp2","long",-0.188527315392313,1.41152744751416,0.216009375041594,0.216009375041594,-0.379686095780111,1.22036866712636,0.223454919645388,0.223454919645388,-0.1911587803878,0.00744554460379399,-0.119470148659514,0.119470148659514
"316","16",1.69705627484772,"Exp1","long",0.0370936810672514,1.73414995591497,0.139167131853016,0.139167131853016,-0.180620729571149,1.51643554527657,0.195748803446273,0.195748803446273,-0.2177144106384,0.056581671593257,-0.128289446770371,0.128289446770371
"317","16",1.76834346805288,"Exp2","long",-0.263664454508827,1.50467901354405,0.262404487747247,0.262404487747247,-0.39809395538547,1.37024951266741,0.331618928732928,0.331618928732928,-0.13442950087664,0.069214440985681,-0.07602001721117,0.07602001721117
"318","16",1.954332247557,"Exp2","long",-0.275877264559275,1.67845498299772,0.314486982446933,0.314486982446933,-0.448742465752494,1.50558978180451,0.310930420703373,0.310930420703373,-0.17286520119321,-0.00355656174356,-0.0884523096875155,0.0884523096875155
"319","16",2.01815139660892,"Exp1","long",-0.109094176316297,1.90905722029262,0.266604122973989,0.266604122973989,-0.119504655438916,1.89864674117,0.167551778595568,0.167551778595568,-0.0104104791226198,-0.099052344378421,-0.00515842326800282,0.00515842326800282
"320","16",2.4,"Exp1","long",-0.161688386157796,2.2383116138422,0.197761516830939,0.197761516830939,-0.23385658069892,2.16614341930108,0.230131058026893,0.230131058026893,-0.0721681945411201,0.032369541195954,-0.0300700810588,0.0300700810588
