"","trialnum","group","interval","targetDur","phyTargetDur","RP","NSub","NT","Exp","NB","repError","valid","firstLoc","order"
"1",1,2,5,2.4,2.4227748422436,1.51752605438196,9,1,"Exp1",0,-0.88247394561804,0,"2","2"
"2",2,2,10,2.4,2.42283020100149,2.81375699370801,9,2,"Exp1",0,0.41375699370801,0,"2","2"
"3",3,2,7,1.42704853800327,1.44631973104333,1.79796886225267,9,3,"Exp1",0,0.3709203242494,0,"2","2"
"4",4,2,2,1.42704853800327,1.44661860614178,1.50989805280187,9,4,"Exp1",0,0.0828495147985999,0,"2","2"
"5",5,2,10,2.4,2.4110139050008,2.40571877750517,9,5,"Exp1",0,0.00571877750516991,0,"2","2"
"6",6,2,8,1.69705627484772,1.71713446891408,1.77393911780564,9,6,"Exp1",0,0.07688284295792,0,"2","2"
"7",7,2,9,2.01815139660892,2.03468941559186,1.70986633036591,9,7,"Exp1",0,-0.30828506624301,0,"2","2"
"8",8,2,4,2.01815139660892,2.03470465480132,1.74996037805613,9,8,"Exp1",0,-0.26819101855279,0,"2","2"
"9",9,2,9,2.01815139660892,2.03475814753438,2.3498082969727,9,9,"Exp1",0,0.33165690036378,0,"2","2"
"10",10,2,7,1.42704853800327,1.44670817537008,1.62187669303057,9,10,"Exp1",0,0.1948281550273,0,"2","2"
"11",11,2,5,2.4,2.41113146461066,2.48600515023099,9,11,"Exp1",0,0.08600515023099,0,"2","2"
"12",12,2,6,1.2,1.21145086599063,0.773862921760156,9,12,"Exp1",0,-0.426137078239844,0,"2","2"
"13",13,2,2,1.42704853800327,1.44658843872821,1.71794466612118,9,13,"Exp1",0,0.29089612811791,0,"2","2"
"14",14,2,2,1.42704853800327,1.44661269706012,1.60595327471856,9,14,"Exp1",0,0.17890473671529,0,"2","2"
"15",15,2,5,2.4,2.41095979025886,2.14987920594285,9,15,"Exp1",0,-0.25012079405715,0,"2","2"
"16",16,2,4,2.01815139660892,2.03470589881726,1.67786150358006,9,16,"Exp1",0,-0.34028989302886,0,"2","2"
"17",17,2,4,2.01815139660892,2.03470123375519,1.71791138866502,9,17,"Exp1",0,-0.3002400079439,0,"2","2"
"18",18,2,1,1.2,1.21146268415396,1.44585138972252,9,18,"Exp1",0,0.24585138972252,0,"2","2"
"19",19,2,3,1.69705627484772,1.71708999530347,1.32581214098536,9,19,"Exp1",0,-0.37124413386236,0,"2","2"
"20",20,2,8,1.69705627484772,1.71710181346498,1.24589493031999,9,20,"Exp1",0,-0.45116134452773,0,"2","2"
"21",21,2,5,2.4,2.41109476610836,2.25392008434574,9,21,"Exp1",0,-0.14607991565426,0,"2","2"
"22",22,2,10,2.4,2.41104842647474,1.86977756975102,9,22,"Exp1",0,-0.53022243024898,0,"2","2"
"23",23,2,7,1.42704853800327,1.44659403680453,1.31784607777081,9,23,"Exp1",0,-0.10920246023246,0,"2","2"
"24",24,2,2,1.42704853800327,1.44667987398134,1.63791300588855,9,24,"Exp1",1,0.21086446788528,1,"2","2"
"25",25,2,10,2.4,2.41102074709488,1.70189684610705,9,25,"Exp1",1,-0.69810315389295,1,"2","2"
"26",26,2,8,1.69705627484772,1.71713975598686,1.5580085463971,9,26,"Exp1",1,-0.13904772845062,1,"2","2"
"27",27,2,9,2.01815139660892,2.03468537253684,1.56597678664184,9,27,"Exp1",1,-0.45217460996708,1,"2","2"
"28",28,2,4,2.01815139660892,2.03474477434975,1.64587471504092,9,28,"Exp1",1,-0.372276681568,1,"2","2"
"29",29,2,9,2.01815139660892,2.03470278877649,1.93420334702751,9,29,"Exp1",1,-0.08394804958141,1,"2","2"
"30",30,2,7,1.42704853800327,1.44665374962278,1.3591225636701,9,30,"Exp1",1,-0.0679259743331699,1,"2","2"
"31",31,2,5,2.4,2.41115136888584,1.88588012651599,9,31,"Exp1",1,-0.51411987348401,1,"2","2"
"32",32,2,6,1.2,1.21134512454228,1.23789341261727,9,32,"Exp1",1,0.0378934126172701,1,"2","2"
"33",33,2,2,1.42704853800327,1.44664970656777,1.45989665328307,9,33,"Exp1",1,0.0328481152797999,1,"2","2"
"34",34,2,2,1.42704853800327,1.44652157281052,1.36667312518875,9,34,"Exp1",1,-0.06037541281452,1,"2","2"
"35",35,2,5,2.4,2.41106584271256,2.73042837727189,9,35,"Exp1",1,0.33042837727189,1,"2","2"
"36",36,2,4,2.01815139660892,2.03472393706579,2.04595899719789,9,36,"Exp1",1,0.0278076005889702,1,"2","2"
"37",37,2,4,2.01815139660892,2.03468786057056,1.77857712439254,9,37,"Exp1",1,-0.23957427221638,1,"2","2"
"38",38,2,1,1.2,1.21141323447409,1.25394403167229,9,38,"Exp1",1,0.0539440316722901,1,"2","2"
"39",39,2,3,1.69705627484772,1.71710896656441,1.61391529487992,9,39,"Exp1",1,-0.0831409799678,1,"2","2"
"40",40,2,8,1.69705627484772,1.71722528215832,1.70193354460935,9,40,"Exp1",1,0.00487726976162994,1,"2","2"
"41",41,2,8,1.69705627484772,1.7171385119691,1.61389476859586,9,41,"Exp1",1,-0.08316150625186,1,"2","2"
"42",42,2,7,1.42704853800327,1.44663664438849,1.59786125477694,9,42,"Exp1",1,0.17081271677367,1,"2","2"
"43",43,2,6,1.2,1.2114303397102,1.43789372362335,9,43,"Exp1",1,0.23789372362335,1,"2","2"
"44",44,2,1,1.2,1.21141914355576,1.15564304796681,9,44,"Exp1",1,-0.0443569520331899,1,"2","2"
"45",45,2,10,2.4,2.41103785232917,1.5955308998291,9,45,"Exp1",1,-0.8044691001709,1,"2","2"
"46",46,2,9,2.01815139660892,2.03467853044276,1.81384220887594,9,46,"Exp1",1,-0.20430918773298,1,"2","2"
"47",47,2,7,1.42704853800327,1.44653961105723,1.42185367871389,9,47,"Exp1",1,-0.00519485928938002,1,"2","2"
"48",48,2,1,1.2,1.21142722966761,1.26995111012911,9,48,"Exp1",2,0.0699511101291102,1,"2","2"
"49",49,2,3,1.69705627484772,1.71716339230989,1.71788868535441,9,49,"Exp1",2,0.0208324105066899,1,"2","2"
"50",50,2,9,2.01815139660892,2.03471927200007,1.93382827588721,9,50,"Exp1",2,-0.0843231207217099,1,"2","2"
"51",51,2,10,2.4,2.41102976621914,2.34200488898932,9,51,"Exp1",2,-0.0579951110106798,1,"2","2"
"52",52,2,1,1.2,1.21142878468891,1.24580909314318,9,52,"Exp1",2,0.04580909314318,1,"2","2"
"53",53,2,4,2.01815139660892,2.03467417638603,1.91783799165933,9,53,"Exp1",2,-0.10031340494959,1,"2","2"
"54",54,2,3,1.69705627484772,1.71716370331342,1.96780642473095,9,54,"Exp1",2,0.27075014988323,1,"2","2"
"55",55,2,6,1.2,1.21139208618479,1.26992591878661,9,55,"Exp1",2,0.0699259187866101,1,"2","2"
"56",56,2,2,1.42704853800327,1.44664441949499,1.62183688448567,9,56,"Exp1",2,0.1947883464824,1,"2","2"
"57",57,2,3,1.69705627484772,1.71715375117856,1.65386503659101,9,57,"Exp1",2,-0.0431912382567101,1,"2","2"
"58",58,2,5,2.4,2.41108108192202,1.93005144010749,9,58,"Exp1",2,-0.46994855989251,1,"2","2"
"59",59,2,6,1.2,1.21145522005099,1.27786119257871,9,59,"Exp1",2,0.07786119257871,1,"2","2"
"60",60,2,8,1.69705627484772,1.71714877510749,1.80939982397467,9,60,"Exp1",2,0.11234354912695,1,"2","2"
"61",61,2,5,2.4,2.41106397668773,1.54981856011364,9,61,"Exp1",2,-0.85018143988636,1,"2","2"
"62",62,2,1,1.2,1.21143376075997,1.34186866912205,9,62,"Exp1",2,0.14186866912205,1,"2","2"
"63",63,2,10,2.4,2.41100644089965,1.41985827535609,9,63,"Exp1",2,-0.98014172464391,1,"2","2"
"64",64,2,10,2.4,2.41106490969833,2.16595563835654,9,64,"Exp1",2,-0.23404436164346,1,"2","2"
"65",65,2,3,1.69705627484772,1.71717023440578,1.7018956020911,9,65,"Exp1",2,0.00483932724337999,1,"2","2"
"66",66,2,4,2.01815139660892,2.03469905672682,1.62985053135344,9,66,"Exp1",2,-0.38830086525548,1,"2","2"
"67",67,2,7,1.42704853800327,1.44666494577541,1.26181865963372,9,67,"Exp1",2,-0.16522987836955,1,"2","2"
"68",68,2,7,1.42704853800327,1.44665095058372,1.52585163852564,9,68,"Exp1",2,0.09880310052237,1,"2","2"
"69",69,2,8,1.69705627484772,1.7171245167774,1.30990365087928,9,69,"Exp1",2,-0.38715262396844,1,"2","2"
"70",70,2,7,1.42704853800327,1.44656697943356,1.46990477049621,9,70,"Exp1",2,0.04285623249294,1,"2","2"
"71",71,2,8,1.69705627484772,1.71717334444838,1.66186468826345,9,71,"Exp1",2,-0.03519158658427,1,"2","2"
"72",72,2,9,2.01815139660892,2.03471305191488,2.04585138972107,9,72,"Exp1",3,0.02769999311215,1,"2","2"
"73",73,2,3,1.69705627484772,1.71716494733118,1.78331714037995,9,73,"Exp1",3,0.0862608655322299,1,"2","2"
"74",74,2,2,1.42704853800327,1.44649638146439,1.65398663925953,9,74,"Exp1",3,0.22693810125626,1,"2","2"
"75",75,2,2,1.42704853800327,1.44662762526423,1.52584759547244,9,75,"Exp1",3,0.0987990574691699,1,"2","2"
"76",76,2,10,2.4,2.41108014890779,2.01383474477552,9,76,"Exp1",3,-0.38616525522448,1,"2","2"
"77",77,2,8,1.69705627484772,1.71707848814549,1.37397519429942,9,77,"Exp1",3,-0.3230810805483,1,"2","2"
"78",78,2,5,2.4,2.41116847412195,2.05376893627181,9,78,"Exp1",3,-0.34623106372819,1,"2","2"
"79",79,2,6,1.2,1.2114281626782,1.48590003079153,9,79,"Exp1",3,0.28590003079153,1,"2","2"
"80",80,2,4,2.01815139660892,2.03469190362739,1.64591110253969,9,80,"Exp1",3,-0.37224029406923,1,"2","2"
"81",81,2,1,1.2,1.21138711011736,1.32583795434039,9,81,"Exp1",3,0.12583795434039,1,"2","2"
"82",82,2,10,2.4,2.4110621106629,1.83799697703944,9,82,"Exp1",3,-0.56200302296056,1,"2","2"
"83",83,2,4,2.01815139660892,2.03470123375155,1.66188397052974,9,83,"Exp1",3,-0.35626742607918,1,"2","2"
"84",84,2,9,2.01815139660892,2.03469905672318,2.06191227191812,9,84,"Exp1",3,0.0437608753092,1,"2","2"
"85",85,2,6,1.2,1.21141136845108,1.26190760685495,9,85,"Exp1",3,0.06190760685495,1,"2","2"
"86",86,2,1,1.2,1.21147667934565,1.3978304653574,9,86,"Exp1",3,0.1978304653574,1,"2","2"
"87",87,2,3,1.69705627484772,1.71711549765314,1.53383760601355,9,87,"Exp1",3,-0.16321866883417,1,"2","2"
"88",88,2,9,2.01815139660892,2.03469905672318,2.41389321357565,9,88,"Exp1",3,0.39574181696673,1,"2","2"
"89",89,2,5,2.4,2.41103598630434,2.50185797057566,9,89,"Exp1",3,0.10185797057566,1,"2","2"
"90",90,2,1,1.2,1.2114365597954,1.11788059924584,9,90,"Exp1",3,-0.0821194007541599,1,"2","2"
"91",91,2,2,1.42704853800327,1.44670102226883,1.72588553799142,9,91,"Exp1",3,0.29883699998815,1,"2","2"
"92",92,2,2,1.42704853800327,1.44653276896133,1.44600378181349,9,92,"Exp1",3,0.0189552438102201,1,"2","2"
"93",93,2,7,1.42704853800327,1.44667303188908,1.39782082422244,9,93,"Exp1",3,-0.0292277137808301,1,"2","2"
"94",94,2,8,1.69705627484772,1.71715157414656,1.50190368820404,9,94,"Exp1",3,-0.19515258664368,1,"2","2"
"95",95,2,6,1.2,1.21143531577763,1.4138652231959,9,95,"Exp1",3,0.2138652231959,1,"2","2"
"96",96,2,9,2.01815139660892,2.03468506153149,1.83799262298271,9,96,"Exp1",4,-0.18015877362621,1,"2","2"
"97",97,2,6,1.2,1.21138990915642,1.54978745968765,9,97,"Exp1",4,0.34978745968765,1,"2","2"
"98",98,2,4,2.01815139660892,2.03467946345336,2.12059535546359,9,98,"Exp1",4,0.10244395885467,1,"2","2"
"99",99,2,3,1.69705627484772,1.71714628707559,1.56596403546791,9,99,"Exp1",4,-0.13109223937981,1,"2","2"
"100",100,2,5,2.4,2.41108761301075,1.51786380501289,9,100,"Exp1",4,-0.88213619498711,1,"2","2"
"101",101,2,2,1.42704853800327,1.44663508936719,1.81385744808722,9,101,"Exp1",4,0.38680891008395,1,"2","2"
"102",102,2,6,1.2,1.21141789953981,1.79799405360245,9,102,"Exp1",4,0.59799405360245,1,"2","2"
"103",103,2,8,1.69705627484772,1.71716681335965,1.84585481077011,9,103,"Exp1",4,0.14879853592239,1,"2","2"
"104",104,2,1,1.2,1.2114303397102,1.52590264322498,9,104,"Exp1",4,0.32590264322498,1,"2","2"
"105",105,2,9,2.01815139660892,2.03465955918364,1.7499662871378,9,105,"Exp1",4,-0.26818510947112,1,"2","2"
"106",106,2,5,2.4,2.41105091451027,2.10994999051763,9,106,"Exp1",4,-0.29005000948237,1,"2","2"
"107",107,2,2,1.42704853800327,1.44664006543462,1.41394297426086,9,107,"Exp1",4,-0.01310556374241,1,"2","2"
"108",108,2,4,2.01815139660892,2.03469470266646,2.0698802011575,9,108,"Exp1",4,0.05172880454858,1,"2","2"
"109",109,2,3,1.69705627484772,1.71715281816432,1.78191077910014,9,109,"Exp1",4,0.08485450425242,1,"2","2"
"110",110,2,2,1.42704853800327,1.44661891714713,1.4778758097782,9,110,"Exp1",4,0.0508272717749301,1,"2","2"
"111",111,2,8,1.69705627484772,1.71712140673117,1.83799822105721,9,111,"Exp1",4,0.14094194620949,1,"2","2"
"112",112,2,4,2.01815139660892,2.0346763534144,1.77388002699445,9,112,"Exp1",4,-0.24427136961447,1,"2","2"
"113",113,2,9,2.01815139660892,2.0346779084357,1.7578866327276,9,113,"Exp1",4,-0.26026476388132,1,"2","2"
"114",114,2,6,1.2,1.21141167945461,1.65392630442875,9,114,"Exp1",4,0.45392630442875,1,"2","2"
"115",115,2,7,1.42704853800327,1.44667800795651,1.58980375630927,9,115,"Exp1",4,0.162755218306,1,"2","2"
"116",116,2,1,1.2,1.21140856941201,1.44587938010591,9,116,"Exp1",4,0.24587938010591,1,"2","2"
"117",117,2,10,2.4,2.41105931162383,1.91794964218934,9,117,"Exp1",4,-0.48205035781066,1,"2","2"
"118",118,2,1,1.2,1.21145553105453,1.27787456576334,9,118,"Exp1",4,0.07787456576334,1,"2","2"
"119",119,2,6,1.2,1.21138990915642,1.37394720391603,9,119,"Exp1",4,0.17394720391603,1,"2","2"
"120",120,2,3,1.69705627484772,1.71714659807913,1.62985084235697,9,120,"Exp1",5,-0.0672054324907501,1,"2","2"
"121",121,2,3,1.69705627484772,1.71713042585543,1.68583067684085,9,121,"Exp1",5,-0.0112255980068701,1,"2","2"
"122",122,2,7,1.42704853800327,1.44661705111866,1.38986875620321,9,122,"Exp1",5,-0.0371797818000601,1,"2","2"
"123",123,2,10,2.4,2.41096694335647,2.02977122526499,9,123,"Exp1",5,-0.37022877473501,1,"2","2"
"124",124,2,5,2.4,2.41102665617291,1.55793670441562,9,124,"Exp1",5,-0.84206329558438,1,"2","2"
"125",125,2,10,2.4,2.41115541194085,1.56589561453075,9,125,"Exp1",5,-0.83410438546925,1,"2","2"
"126",126,2,8,1.69705627484772,1.71712482778094,1.70992822021799,9,126,"Exp1",5,0.0128719453702699,1,"2","2"
"127",127,2,4,2.01815139660892,2.03466920031497,1.8619738507623,9,127,"Exp1",5,-0.15617754584662,1,"2","2"
"128",128,2,9,2.01815139660892,2.03463250181085,1.63796712063049,9,128,"Exp1",5,-0.38018427597843,1,"2","2"
"129",129,2,2,1.42704853800327,1.44663104631036,1.38992598098775,9,129,"Exp1",5,-0.03712255701552,1,"2","2"
"130",130,2,5,2.4,2.41103474228657,1.58171266938371,9,130,"Exp1",5,-0.81828733061629,1,"2","2"
"131",131,2,9,2.01815139660892,2.03468848258126,1.78189087482679,9,131,"Exp1",5,-0.23626052178213,1,"2","2"
"132",132,2,7,1.42704853800327,1.44660740998734,1.58197484597622,9,132,"Exp1",5,0.15492630797295,1,"2","2"
"133",133,2,4,2.01815139660892,2.03470838685098,1.55799175216816,9,133,"Exp1",5,-0.46015964444076,1,"2","2"
"134",134,2,10,2.4,2.41107766087589,1.85393594556444,9,134,"Exp1",5,-0.54606405443556,1,"2","2"
"135",135,2,3,1.69705627484772,1.71710150246145,1.82981787590325,9,135,"Exp1",5,0.13276160105553,1,"2","2"
"136",136,2,5,2.4,2.41103629730787,1.78182089886832,9,136,"Exp1",5,-0.61817910113168,1,"2","2"
"137",137,2,1,1.2,1.2114250526356,1.40596602589358,9,137,"Exp1",5,0.20596602589358,1,"2","2"
"138",138,2,8,1.69705627484772,1.71716836837732,1.68588572459339,9,138,"Exp1",5,-0.01117055025433,1,"2","2"
"139",139,2,7,1.42704853800327,1.44662886928199,1.44587440404212,9,139,"Exp1",5,0.0188258660388501,1,"2","2"
"140",140,2,6,1.2,1.21140950242261,1.18980655535051,9,140,"Exp1",5,-0.01019344464949,1,"2","2"
"141",141,2,3,1.69705627484772,1.71702810545685,1.82192365467563,9,141,"Exp1",5,0.12486737982791,1,"2","2"
"142",142,2,4,2.01815139660892,2.03469408065575,1.76590618867704,9,142,"Exp1",5,-0.25224520793188,1,"2","2"
"143",143,2,7,1.42704853800327,1.4466095870157,1.6139180939208,9,143,"Exp1",5,0.18686955591753,1,"2","2"
"144",144,2,6,1.2,1.21140203831965,1.48592708816068,9,144,"Exp1",6,0.28592708816068,1,"2","2"
"145",145,2,7,1.42704853800327,1.44651130967031,1.41389103654728,9,145,"Exp1",6,-0.0131575014559899,1,"2","2"
"146",146,2,5,2.4,2.41112400051134,1.44587222701011,9,146,"Exp1",6,-0.95412777298989,1,"2","2"
"147",147,2,4,2.01815139660892,2.03465987018717,1.92588491598144,9,147,"Exp1",6,-0.09226648062748,1,"2","2"
"148",148,2,9,2.01815139660892,2.03468506153149,1.8059657148915,9,148,"Exp1",6,-0.21218568171742,1,"2","2"
"149",149,2,5,2.4,2.41103225425104,2.01400921816821,9,149,"Exp1",6,-0.38599078183179,1,"2","2"
"150",150,2,5,2.4,2.41103194324751,2.17385794569418,9,150,"Exp1",6,-0.22614205430582,1,"2","2"
"151",151,2,6,1.2,1.21142691866044,1.63790305375369,9,151,"Exp1",6,0.43790305375369,1,"2","2"
"152",152,2,3,1.69705627484772,1.71715281816432,1.93394801252725,9,152,"Exp1",6,0.23689173767953,1,"2","2"
"153",153,2,7,1.42704853800327,1.44665996970798,1.42190965948248,9,153,"Exp1",6,-0.00513887852078998,1,"2","2"
"154",154,2,8,1.69705627484772,1.71709901442591,1.4219494680292,9,154,"Exp1",6,-0.27510680681852,1,"2","2"
"155",155,2,5,2.4,2.41106459869843,1.81388326144224,9,155,"Exp1",6,-0.58611673855776,1,"2","2"
"156",156,2,10,2.4,2.41103598630434,1.91783550362379,9,156,"Exp1",6,-0.48216449637621,1,"2","2"
"157",157,2,7,1.42704853800327,1.44664597451629,1.67781547495179,9,157,"Exp1",6,0.25076693694852,1,"2","2"
"158",158,2,2,1.42704853800327,1.44654272109983,1.98987124423729,9,158,"Exp1",6,0.56282270623402,1,"2","2"
"159",159,2,1,1.2,1.21139208618479,1.48579739938214,9,159,"Exp1",6,0.28579739938214,1,"2","2"
"160",160,2,9,2.01815139660892,2.03469905672682,1.62992330635097,9,160,"Exp1",6,-0.38822809025795,1,"2","2"
"161",161,2,4,2.01815139660892,2.03467355437169,1.98982801464444,9,161,"Exp1",6,-0.0283233819644799,1,"2","2"
"162",162,2,10,2.4,2.4110428283966,2.10192576950431,9,162,"Exp1",6,-0.29807423049569,1,"2","2"
"163",163,2,4,2.01815139660892,2.03470496580485,2.05383486917708,9,163,"Exp1",6,0.0356834725681598,1,"2","2"
"164",164,2,1,1.2,1.21143469376693,1.37387629494697,9,164,"Exp1",6,0.17387629494697,1,"2","2"
"165",165,2,10,2.4,2.41102261311971,2.32592970059704,9,165,"Exp1",6,-0.0740702994029601,1,"2","2"
"166",166,2,2,1.42704853800327,1.44658097462525,1.6700018038282,9,166,"Exp1",6,0.24295326582493,1,"2","2"
"167",167,2,3,1.69705627484772,1.7171322918839,1.91787531217051,9,167,"Exp1",6,0.22081903732279,1,"2","2"
"168",168,2,3,1.69705627484772,1.71714473205429,1.79781802518482,9,168,"Exp1",7,0.1007617503371,1,"2","2"
"169",169,2,6,1.2,1.21142225360018,1.48585991124128,9,169,"Exp1",7,0.28585991124128,1,"2","2"
"170",170,2,1,1.2,1.21138648810665,1.26191009488684,9,170,"Exp1",7,0.0619100948868401,1,"2","2"
"171",171,2,10,2.4,2.41103318726528,1.98196396082858,9,171,"Exp1",7,-0.41803603917142,1,"2","2"
"172",172,2,2,1.42704853800327,1.44663353434589,1.62184061653898,9,172,"Exp1",7,0.19479207853571,1,"2","2"
"173",173,2,8,1.69705627484772,1.71702748344615,1.58185666435747,9,173,"Exp1",7,-0.11519961049025,1,"2","2"
"174",174,2,8,1.69705627484772,1.71715126314302,1.94989289013392,9,174,"Exp1",7,0.2528366152862,1,"2","2"
"175",175,2,9,2.01815139660892,2.03466795630084,1.63792700108024,9,175,"Exp1",7,-0.38022439552868,1,"2","2"
"176",176,2,2,1.42704853800327,1.4466720988712,1.74184845384298,9,176,"Exp1",7,0.31479991583971,1,"2","2"
"177",177,2,9,2.01815139660892,2.03469408065575,1.53229098180964,9,177,"Exp1",7,-0.48586041479928,1,"2","2"
"178",178,2,8,1.69705627484772,1.71716183728859,1.60586370549208,9,178,"Exp1",7,-0.0911925693556401,1,"2","2"
"179",179,2,1,1.2,1.21138804313159,1.42200327176761,9,179,"Exp1",7,0.22200327176761,1,"2","2"
"180",180,2,6,1.2,1.21141572251145,1.65396020389744,9,180,"Exp1",7,0.45396020389744,1,"2","2"
"181",181,1,5,0.8,0.811525818018708,1.13387181648432,9,181,"Exp1",7,0.33387181648432,1,"2","2"
"182",182,1,3,0.565685424949238,0.576304585134494,0.973924811609322,9,182,"Exp1",7,0.408239386660084,1,"2","2"
"183",183,1,10,0.8,0.811517420905147,0.651431117225002,9,183,"Exp1",7,-0.148568882774998,1,"2","2"
"184",184,1,7,0.475682846001088,0.493868550936895,0.661881171494315,9,184,"Exp1",7,0.186198325493227,1,"2","2"
"185",185,1,6,0.4,0.411620052309445,0.34193926709122,9,185,"Exp1",7,-0.05806073290878,1,"2","2"
"186",186,1,3,0.565685424949238,0.576284680864774,0.605926217351225,9,186,"Exp1",7,0.040240792401987,1,"2","2"
"187",187,1,5,0.8,0.811518664922914,0.733958586675726,9,187,"Exp1",7,-0.066041413324274,1,"2","2"
"188",188,1,10,0.8,0.811531105089671,0.861906673842896,9,188,"Exp1",7,0.0619066738428959,1,"2","2"
"189",189,1,3,0.565685424949238,0.576298676052829,0.573939739813795,9,189,"Exp1",7,0.00825431486455697,1,"2","2"
"190",190,1,7,0.475682846001088,0.493941947941494,0.661918180998327,9,190,"Exp1",7,0.186235334997239,1,"2","2"
"191",191,1,1,0.4,0.411665458934294,0.165939155129308,9,191,"Exp1",7,-0.234060844870692,1,"2","2"
"192",192,1,9,0.672717132202972,0.682118187840388,0.653952117783774,9,192,"Exp1",8,-0.018765014419198,1,"2","2"
"193",193,1,9,0.672717132202972,0.682164838479366,0.661895788693073,9,193,"Exp1",8,-0.0108213435098991,1,"2","2"
"194",194,1,7,0.475682846001088,0.493883168139291,0.501934788626386,9,194,"Exp1",8,0.026251942625298,1,"2","2"
"195",195,1,4,0.672717132202972,0.682164838479366,0.653827094072767,9,195,"Exp1",8,-0.0188900381302051,1,"2","2"
"196",196,1,1,0.4,0.411635602522438,0.517933158964297,9,196,"Exp1",8,0.117933158964297,1,"2","2"
"197",197,1,2,0.475682846001088,0.493963407239789,0.437985158878291,9,197,"Exp1",8,-0.037697687122797,1,"2","2"
"198",198,1,3,0.565685424949238,0.576383891224395,0.709963363700808,9,198,"Exp1",8,0.14427793875157,1,"2","2"
"199",199,1,10,0.8,0.811501559688622,0.773927610647661,9,199,"Exp1",8,-0.026072389352339,1,"2","2"
"200",200,1,7,0.475682846001088,0.493979890463379,0.525924724526703,9,200,"Exp1",8,0.050241878525615,1,"2","2"
"201",201,1,6,0.4,0.411650219724834,0.381954008691537,9,201,"Exp1",8,-0.018045991308463,1,"2","2"
"202",202,1,8,0.565685424949238,0.576278149772406,0.701909597279155,9,202,"Exp1",8,0.136224172329917,1,"2","2"
"203",203,1,6,0.4,0.411633736497606,0.517907967619976,9,203,"Exp1",8,0.117907967619976,1,"2","2"
"204",204,1,1,0.4,0.411654884788732,0.309963363699353,9,204,"Exp1",8,-0.090036636300647,1,"2","2"
"205",205,1,5,0.8,0.811513688851846,0.845887466217391,9,205,"Exp1",8,0.0458874662173909,1,"2","2"
"206",206,1,4,0.672717132202972,0.682121608886519,0.677840977303276,9,206,"Exp1",8,0.00512384510030395,1,"2","2"
"207",207,1,5,0.8,0.811509956802183,1.01398713686285,9,207,"Exp1",8,0.21398713686285,1,"2","2"
"208",208,1,8,0.565685424949238,0.576351546780643,0.565860160044394,9,208,"Exp1",8,0.000174735095155976,1,"2","2"
"209",209,1,8,0.565685424949238,0.576305207145197,0.717980742618238,9,209,"Exp1",8,0.152295317669,1,"2","2"
"210",210,1,4,0.672717132202972,0.682131561025017,0.741907544652349,9,210,"Exp1",8,0.069190412449377,1,"2","2"
"211",211,1,9,0.672717132202972,0.682253785700595,0.613995222975063,9,211,"Exp1",8,-0.058721909227909,1,"2","2"
"212",212,1,1,0.4,0.411632181476307,0.581806281665195,9,212,"Exp1",8,0.181806281665195,1,"2","2"
"213",213,1,9,0.672717132202972,0.682175412624929,0.501825004121201,9,213,"Exp1",8,-0.170892128081771,1,"2","2"
"214",214,1,8,0.565685424949238,0.576293388981867,0.59788240306807,9,214,"Exp1",8,0.0321969781188319,1,"2","2"
"215",215,1,2,0.475682846001088,0.493975847410184,0.46987367006659,9,215,"Exp1",8,-0.00580917593449803,1,"2","2"
"216",216,1,2,0.475682846001088,0.493999172729673,0.54985774664965,9,216,"Exp1",9,0.074174900648562,1,"2","2"
"217",217,1,2,0.475682846001088,0.493820967283682,0.525903887242748,9,217,"Exp1",9,0.0502210412416599,1,"2","2"
"218",218,1,10,0.8,0.811506224748882,0.717955240266747,9,218,"Exp1",9,-0.0820447597332531,1,"2","2"
"219",219,1,6,0.4,0.411615698252717,0.47788109684916,9,219,"Exp1",9,0.07788109684916,1,"2","2"
"220",220,1,4,0.672717132202972,0.682147111234372,0.573921390565374,9,220,"Exp1",9,-0.0987957416375981,1,"2","2"
"221",221,1,7,0.475682846001088,0.493948479033861,0.365869801174995,9,221,"Exp1",9,-0.109813044826093,1,"2","2"
"222",222,1,3,0.565685424949238,0.576284369857603,0.637940374264872,9,222,"Exp1",9,0.072254949315634,1,"2","2"
"223",223,1,9,0.672717132202972,0.682103881645162,0.645937848908943,9,223,"Exp1",9,-0.026779283294029,1,"2","2"
"224",224,1,9,0.672717132202972,0.682162350443832,0.709874416479579,9,224,"Exp1",9,0.037157284276607,1,"2","2"
"225",225,1,5,0.8,0.811520841951278,0.81390969680433,9,225,"Exp1",9,0.01390969680433,1,"2","2"
"226",226,1,6,0.4,0.41168660722542,0.381836760083388,9,226,"Exp1",9,-0.018163239916612,1,"2","2"
"227",227,1,4,0.672717132202972,0.682148044248606,0.733548683052504,9,227,"Exp1",9,0.060831550849532,1,"2","2"
"228",228,1,2,0.475682846001088,0.49395501012259,0.597895154245634,9,228,"Exp1",9,0.122212308244546,1,"2","2"
"229",229,1,6,0.4,0.411593927950889,0.590027057372936,9,229,"Exp1",9,0.190027057372936,1,"2","2"
"230",230,1,8,0.565685424949238,0.576314848276525,0.229877277717605,9,230,"Exp1",9,-0.335808147231633,1,"2","2"
"231",231,1,1,0.4,0.411617875281081,0.717908900631301,9,231,"Exp1",9,0.317908900631301,1,"2","2"
"232",232,1,2,0.475682846001088,0.493856110766501,0.533910381014721,9,232,"Exp1",9,0.058227535013633,1,"2","2"
"233",233,1,1,0.4,0.411637468550907,0.461987534952641,9,233,"Exp1",9,0.061987534952641,1,"2","2"
"234",234,1,10,0.8,0.811514621866081,0.669923430752533,9,234,"Exp1",9,-0.130076569247467,1,"2","2"
"235",235,1,7,0.475682846001088,0.493937282881234,0.42994414363784,9,235,"Exp1",9,-0.045738702363248,1,"2","2"
"236",236,1,4,0.672717132202972,0.682152398308972,0.653907022166095,9,236,"Exp1",9,-0.018810110036877,1,"2","2"
"237",237,1,10,0.8,0.811527684047178,0.733906648962147,9,237,"Exp1",9,-0.0660933510378531,1,"2","2"
"238",238,1,6,0.4,0.411644310643169,0.557952254628617,9,238,"Exp1",9,0.157952254628617,1,"2","2"
"239",239,1,5,0.8,0.811517109897977,0.653863170566183,9,239,"Exp1",9,-0.146136829433817,1,"2","2"
"240",240,1,5,0.8,0.811524885004474,0.709940971391916,9,240,"Exp1",10,-0.090059028608084,1,"2","2"
"241",241,1,10,0.8,0.811519286929979,0.76589841357054,9,241,"Exp1",10,-0.03410158642946,1,"2","2"
"242",242,1,4,0.672717132202972,0.682154575337336,0.813886993491906,9,242,"Exp1",10,0.141169861288934,1,"2","2"
"243",243,1,8,0.565685424949238,0.576261977552349,0.717930670933129,9,243,"Exp1",10,0.152245245983891,1,"2","2"
"244",244,1,6,0.4,0.41164120060057,0.509939416369889,9,244,"Exp1",10,0.109939416369889,1,"2","2"
"245",245,1,8,0.565685424949238,0.576305829152261,0.733953299601126,9,245,"Exp1",10,0.168267874651888,1,"2","2"
"246",246,1,8,0.565685424949238,0.57637269506813,0.565933557052631,9,246,"Exp1",10,0.000248132103393028,1,"2","2"
"247",247,1,4,0.672717132202972,0.682149910273438,0.678016072703031,9,247,"Exp1",10,0.00529894050005897,1,"2","2"
"248",248,1,3,0.565685424949238,0.576292766974802,0.525902332221449,9,248,"Exp1",10,-0.039783092727789,1,"2","2"
"249",249,1,9,0.672717132202972,0.682183498734958,0.541878621257638,9,249,"Exp1",10,-0.130838510945334,1,"2","2"
"250",250,1,7,0.475682846001088,0.493876948054094,0.389962990495405,9,250,"Exp1",10,-0.085719855505683,1,"2","2"
"251",251,1,2,0.475682846001088,0.493885034164123,0.573921079558204,9,251,"Exp1",10,0.098238233557116,1,"2","2"
"252",252,1,7,0.475682846001088,0.493949101040926,0.573984835435112,9,252,"Exp1",10,0.098301989434024,1,"2","2"
"253",253,1,2,0.475682846001088,0.493985799545044,0.445946868032479,9,253,"Exp1",10,-0.029735977968609,1,"2","2"
"254",254,1,1,0.4,0.411639956582803,0.581997860292176,9,254,"Exp1",10,0.181997860292176,1,"2","2"
"255",255,1,5,0.8,0.81152084194764,0.741880176279665,9,255,"Exp1",10,-0.0581198237203351,1,"2","2"
"256",256,1,1,0.4,0.41168505220412,0.461949281427223,9,256,"Exp1",10,0.061949281427223,1,"2","2"
"257",257,1,3,0.565685424949238,0.576294010992569,0.606003035401955,9,257,"Exp1",10,0.040317610452717,1,"2","2"
"258",258,1,10,0.8,0.811537325174868,0.669869938017655,9,258,"Exp1",10,-0.130130061982345,1,"2","2"
"259",259,1,9,0.672717132202972,0.682150843287673,0.693918653727451,9,259,"Exp1",10,0.021201521524479,1,"2","2"
"260",260,1,3,0.565685424949238,0.576335374556947,0.509931952266925,9,260,"Exp1",10,-0.055753472682313,1,"2","2"
"261",261,1,6,0.4,0.411705578484543,0.421766286515776,9,261,"Exp1",10,0.021766286515776,1,"2","2"
"262",262,1,9,0.672717132202972,0.682145245213178,0.669889220283949,9,262,"Exp1",10,-0.00282791191902299,1,"2","2"
"263",263,1,10,0.8,0.811466105202271,0.693943845071772,9,263,"Exp1",10,-0.106056154928228,1,"2","2"
"264",264,1,3,0.565685424949238,0.576304896138026,0.502023424840445,9,264,"Exp1",11,-0.063662000108793,1,"2","2"
"265",265,1,2,0.475682846001088,0.493969938328519,0.717924761851464,9,265,"Exp1",11,0.242241915850376,1,"2","2"
"266",266,1,4,0.672717132202972,0.682155819355103,0.677900068112649,9,266,"Exp1",11,0.005182935909677,1,"2","2"
"267",267,1,1,0.4,0.411620052309445,0.494025639192841,9,267,"Exp1",11,0.094025639192841,1,"2","2"
"268",268,1,7,0.475682846001088,0.493892809270619,0.573875672936992,9,268,"Exp1",11,0.098192826935904,1,"2","2"
"269",269,1,2,0.475682846001088,0.49397335937465,0.509907071926136,9,269,"Exp1",11,0.034224225925048,1,"2","2"
"270",270,1,2,0.475682846001088,0.493968694310752,0.709972382821434,9,270,"Exp1",11,0.234289536820346,1,"2","2"
"271",271,1,8,0.565685424949238,0.576283436847007,0.523495781228121,9,271,"Exp1",11,-0.042189643721117,1,"2","2"
"272",272,1,3,0.565685424949238,0.576296499024465,0.62191650157547,9,272,"Exp1",11,0.0562310766262319,1,"2","2"
"273",273,1,6,0.4,0.411638401561504,0.589879641349398,9,273,"Exp1",11,0.189879641349398,1,"2","2"
"274",274,1,7,0.475682846001088,0.493965273264621,0.57392543361857,9,274,"Exp1",11,0.0982425876174819,1,"2","2"
"275",275,1,1,0.4,0.411636535536672,0.301884094929846,9,275,"Exp1",11,-0.098115905070154,1,"2","2"
"276",276,1,10,0.8,0.811533593125205,0.637924824051879,9,276,"Exp1",11,-0.162075175948121,1,"2","2"
"277",277,1,9,0.672717132202972,0.682148666259309,0.709937861352955,9,277,"Exp1",11,0.037220729149983,1,"2","2"
"278",278,1,1,0.4,0.411616320259782,0.573939739817433,9,278,"Exp1",11,0.173939739817433,1,"2","2"
"279",279,1,3,0.565685424949238,0.576295566013869,0.517838924675743,9,279,"Exp1",11,-0.047846500273495,1,"2","2"
"280",280,1,4,0.672717132202972,0.682151154294843,0.597907283412496,9,280,"Exp1",11,-0.074809848790476,1,"2","2"
"281",281,1,5,0.8,0.811531416096841,0.685907805898751,9,281,"Exp1",11,-0.114092194101249,1,"2","2"
"282",282,1,5,0.8,0.811522396972578,0.829963425901951,9,282,"Exp1",11,0.029963425901951,1,"2","2"
"283",283,1,8,0.565685424949238,0.57626570960565,0.734022031541826,9,283,"Exp1",11,0.168336606592588,1,"2","2"
"284",284,1,9,0.672717132202972,0.682144001191773,0.845973925403086,9,284,"Exp1",11,0.173256793200114,1,"2","2"
"285",285,1,6,0.4,0.411640267589974,0.493946955113643,9,285,"Exp1",11,0.093946955113643,1,"2","2"
"286",286,1,9,0.672717132202972,0.682139647131407,0.477930546527205,9,286,"Exp1",11,-0.194786585675767,1,"2","2"
"287",287,1,6,0.4,0.411641822607635,0.525915705406078,9,287,"Exp1",11,0.125915705406078,1,"2","2"
"288",288,1,2,0.475682846001088,0.494073502748506,0.405962915854616,9,288,"Exp1",12,-0.069719930146472,1,"2","2"
"289",289,1,1,0.4,0.411650219721196,0.469939913979033,9,289,"Exp1",12,0.069939913979033,1,"2","2"
"290",290,1,7,0.475682846001088,0.493968072300049,0.621891310231149,9,290,"Exp1",12,0.146208464230061,1,"2","2"
"291",291,1,7,0.475682846001088,0.494018143988797,0.565997001918731,9,291,"Exp1",12,0.090314155917643,1,"2","2"
"292",292,1,4,0.672717132202972,0.682157996383467,0.653812476870371,9,292,"Exp1",12,-0.018904655332601,1,"2","2"
"293",293,1,10,0.8,0.811524262997409,0.627846730880265,9,293,"Exp1",12,-0.172153269119735,1,"2","2"
"294",294,1,3,0.565685424949238,0.576281259815005,0.485892566688563,9,294,"Exp1",12,-0.079792858260675,1,"2","2"
"295",295,1,10,0.8,0.811527684047178,0.701935721641348,9,295,"Exp1",12,-0.0980642783586521,1,"2","2"
"296",296,1,8,0.565685424949238,0.576311427230394,0.725919437460107,9,296,"Exp1",12,0.160234012510869,1,"2","2"
"297",297,1,8,0.565685424949238,0.576306762166496,0.557905292982468,9,297,"Exp1",12,-0.00778013196676997,1,"2","2"
"298",298,1,5,0.8,0.811523329986812,0.725913528378442,9,298,"Exp1",12,-0.074086471621558,1,"2","2"
"299",299,1,5,0.8,0.811521774961875,0.862018324372912,9,299,"Exp1",12,0.062018324372912,1,"2","2"
"300",300,1,4,0.672717132202972,0.68221584317871,0.829963425898313,9,300,"Exp1",12,0.157246293695341,1,"2","2"
"301",301,1,3,0.565685424949238,0.576328532464686,0.637892790611659,9,301,"Exp1",12,0.072207365662421,1,"2","2"
"302",302,1,3,0.565685424949238,0.576322623383021,0.637885326508695,9,302,"Exp1",12,0.072199901559457,1,"2","2"
"303",303,1,4,0.672717132202972,0.682118187840388,0.601353521658893,9,303,"Exp1",12,-0.071363610544079,1,"2","2"
"304",304,1,5,0.8,0.811530794086138,0.741893238457124,9,304,"Exp1",12,-0.0581067615428761,1,"2","2"
"305",305,1,9,0.672717132202972,0.682138092113746,0.821984300506301,9,305,"Exp1",12,0.149267168303329,1,"2","2"
"306",306,1,8,0.565685424949238,0.57630893919486,0.693891285351128,9,306,"Exp1",12,0.12820586040189,1,"2","2"
"307",307,1,5,0.8,0.811529550068371,0.853901113085158,9,307,"Exp1",12,0.053901113085158,1,"2","2"
"308",308,1,1,0.4,0.411650219724834,0.429974311049591,9,308,"Exp1",12,0.029974311049591,1,"2","2"
"309",309,1,7,0.475682846001088,0.493962474225555,0.71796923545844,9,309,"Exp1",12,0.242286389457352,1,"2","2"
"310",310,1,6,0.4,0.411754406151886,0.485932064231747,9,310,"Exp1",12,0.085932064231747,1,"2","2"
"311",311,1,2,0.475682846001088,0.493987665569875,0.34837954338218,9,311,"Exp1",12,-0.127303302618908,1,"2","2"
"312",312,1,5,0.8,0.811538880196167,0.757966871828103,9,312,"Exp1",13,-0.0420331281718971,1,"2","2"
"313",313,1,10,0.8,0.811521152954811,0.73392219917514,9,313,"Exp1",13,-0.06607780082486,1,"2","2"
"314",314,1,7,0.475682846001088,0.493968072303687,0.397911637468496,9,314,"Exp1",13,-0.077771208532592,1,"2","2"
"315",315,1,8,0.565685424949238,0.576278460775939,0.613924314002361,9,315,"Exp1",13,0.048238889053123,1,"2","2"
"316",316,1,2,0.475682846001088,0.494041780315456,0.493890663343336,9,316,"Exp1",13,0.018207817342248,1,"2","2"
"317",317,1,9,0.672717132202972,0.682144001195411,0.565948796258454,9,317,"Exp1",13,-0.106768335944518,1,"2","2"
"318",318,1,8,0.565685424949238,0.57632573342562,0.661955190505978,9,318,"Exp1",13,0.0962697655567399,1,"2","2"
"319",319,1,2,0.475682846001088,0.493992019630241,0.541998979908385,9,319,"Exp1",13,0.066316133907297,1,"2","2"
"320",320,1,6,0.4,0.411731702839461,0.557855843308062,9,320,"Exp1",13,0.157855843308062,1,"2","2"
"321",321,1,6,0.4,0.411642133611167,0.461896410703048,9,321,"Exp1",13,0.061896410703048,1,"2","2"
"322",322,1,3,0.565685424949238,0.576288412914437,0.613943907272187,9,322,"Exp1",13,0.0482584823229489,1,"2","2"
"323",323,1,7,0.475682846001088,0.493931062796037,0.645868805961072,9,323,"Exp1",13,0.170185959959984,1,"2","2"
"324",324,1,10,0.8,0.811498449646024,0.637890613579657,9,324,"Exp1",13,-0.162109386420343,1,"2","2"
"325",325,1,10,0.8,0.811609478165337,0.669978478505072,9,325,"Exp1",13,-0.130021521494928,1,"2","2"
"326",326,1,4,0.672717132202972,0.682142446174112,0.773930720693897,9,326,"Exp1",13,0.101213588490925,1,"2","2"
"327",327,1,2,0.475682846001088,0.493923287685902,0.19174659995042,9,327,"Exp1",13,-0.283936246050668,1,"2","2"
"328",328,1,9,0.672717132202972,0.682221130253311,0.549998009573756,9,328,"Exp1",13,-0.122719122629216,1,"2","2"
"329",329,1,5,0.8,0.81153297111814,0.773933519729326,9,329,"Exp1",13,-0.026066480270674,1,"2","2"
"330",330,1,4,0.672717132202972,0.682099838588329,0.774007227741095,9,330,"Exp1",13,0.101290095538123,1,"2","2"
"331",331,1,8,0.565685424949238,0.576305518148729,0.517960216337087,9,331,"Exp1",13,-0.047725208612151,1,"2","2"
"332",332,1,10,0.8,0.811522085969045,0.733942103448499,9,332,"Exp1",13,-0.0660578965515011,1,"2","2"
"333",333,1,7,0.475682846001088,0.493961852214852,0.589899856626289,9,333,"Exp1",13,0.114217010625201,1,"2","2"
"334",334,1,3,0.565685424949238,0.576292766974802,0.741994625848747,9,334,"Exp1",13,0.176309200899509,1,"2","2"
"335",335,1,1,0.4,0.411635602522438,0.645953399125574,9,335,"Exp1",13,0.245953399125574,1,"2","2"
"336",336,1,6,0.4,0.411346057553601,0.517880599247292,9,336,"Exp1",14,0.117880599247292,1,"2","2"
"337",337,1,4,0.672717132202972,0.681775461143843,0.733912247036642,9,337,"Exp1",14,0.06119511483367,1,"2","2"
"338",338,1,9,0.672717132202972,0.68212534093982,0.765853628952755,9,338,"Exp1",14,0.093136496749783,1,"2","2"
"339",339,1,1,0.4,0.411641200604208,0.469947378078359,9,339,"Exp1",14,0.069947378078359,1,"2","2"
"340",340,1,1,0.4,0.411667635962658,0.606003968416189,9,340,"Exp1",14,0.206003968416189,1,"2","2"
"341",341,3,1,0.4,0.411646176668,0.365999178950005,9,341,"Exp1",14,-0.034000821049995,1,"2","2"
"342",342,3,4,0.672717132202972,0.693941636942327,0.702000099525321,9,342,"Exp1",14,0.029282967322349,1,"2","2"
"343",343,3,2,0.475682846001088,0.493964029246854,0.733903227912378,9,343,"Exp1",14,0.25822038191129,1,"2","2"
"344",344,3,6,1.2,1.21138306706052,0.55790218293987,9,344,"Exp1",14,-0.64209781706013,1,"2","2"
"345",345,3,3,0.565685424949238,0.57628219282924,0.805883920769702,9,345,"Exp1",14,0.240198495820464,1,"2","2"
"346",346,3,5,0.8,0.811522396972578,0.669905081500474,9,346,"Exp1",14,-0.130094918499526,1,"2","2"
"347",347,3,10,2.4,2.41101546002392,2.24589928437854,9,347,"Exp1",14,-0.15410071562146,1,"2","2"
"348",348,3,4,0.672717132202972,0.682132494035613,0.757891919798567,9,348,"Exp1",14,0.0851747875955949,1,"2","2"
"349",349,3,3,0.565685424949238,0.576282814836304,0.493987074663892,9,349,"Exp1",14,-0.071698350285346,1,"2","2"
"350",350,3,1,0.4,0.411640578589868,0.469908813553047,9,350,"Exp1",14,0.069908813553047,1,"2","2"
"351",351,3,6,1.2,1.21141634451851,1.5978202022161,9,351,"Exp1",14,0.3978202022161,1,"2","2"
"352",352,3,2,0.475682846001088,0.493964029246854,0.557977445972938,9,352,"Exp1",14,0.08229459997185,1,"2","2"
"353",353,3,9,2.01815139660892,2.03468786057056,1.91786162798235,9,353,"Exp1",14,-0.10028976862657,1,"2","2"
"354",354,3,6,1.2,1.21139333020255,1.54188048728247,9,354,"Exp1",14,0.34188048728247,1,"2","2"
"355",355,3,8,1.69705627484772,1.71712855983424,1.72587309782102,9,355,"Exp1",14,0.0288168229732999,1,"2","2"
"356",356,3,3,0.565685424949238,0.576283747846901,0.829876966712618,9,356,"Exp1",14,0.26419154176338,1,"2","2"
"357",357,3,10,2.4,2.4110443834179,2.14187706623488,9,357,"Exp1",14,-0.25812293376512,1,"2","2"
"358",358,3,2,0.475682846001088,0.493957809161657,0.71803641238148,9,358,"Exp1",14,0.242353566380392,1,"2","2"
"359",359,3,1,0.4,0.411657372820628,0.414024146371958,9,359,"Exp1",14,0.014024146371958,1,"2","2"
"360",360,3,7,1.42704853800327,1.44663166832106,1.45405039513207,9,360,"Exp1",15,0.0270018571288,1,"2","2"
"361",361,3,9,2.01815139660892,2.03469843471612,1.64588871023807,9,361,"Exp1",15,-0.37226268637085,1,"2","2"
"362",362,3,10,2.4,2.41103101023327,2.34195295127938,9,362,"Exp1",15,-0.0580470487206197,1,"2","2"
"363",363,3,6,1.2,1.21139333020255,1.22193889388291,9,363,"Exp1",15,0.0219388938829101,1,"2","2"
"364",364,3,5,0.8,0.811527995047072,0.717978876589768,9,364,"Exp1",15,-0.082021123410232,1,"2","2"
"365",365,3,10,2.4,2.41112182347933,2.22985333039105,9,365,"Exp1",15,-0.17014666960895,1,"2","2"
"366",366,3,8,1.69705627484772,1.71703588056334,1.69392176376641,9,366,"Exp1",15,-0.00313451108131013,1,"2","2"
"367",367,3,9,2.01815139660892,2.03468381751372,1.85382616105926,9,367,"Exp1",15,-0.16432523554966,1,"2","2"
"368",368,3,4,0.672717132202972,0.682220508242608,0.629831560090679,9,368,"Exp1",15,-0.042885572112293,1,"2","2"
"369",369,3,7,1.42704853800327,1.44662389321093,1.44585325574735,9,369,"Exp1",15,0.01880471774408,1,"2","2"
"370",370,3,8,1.69705627484772,1.71718733964008,1.54985961267812,9,370,"Exp1",15,-0.1471966621696,1,"2","2"
"371",371,3,7,1.42704853800327,1.4466102090264,1.50982465580091,9,371,"Exp1",15,0.08277611779764,1,"2","2"
"372",372,3,8,1.69705627484772,1.71705329680117,1.78998227275588,9,372,"Exp1",15,0.09292599790816,1,"2","2"
"373",373,3,1,0.4,0.411637779554439,0.477887627941527,9,373,"Exp1",15,0.077887627941527,1,"2","2"
"374",374,3,7,1.42704853800327,1.44662327120386,1.87788762794298,9,374,"Exp1",15,0.45083908993971,1,"2","2"
"375",375,3,2,0.475682846001088,0.493948168030329,0.661915381959261,9,375,"Exp1",15,0.186232535958173,1,"2","2"
"376",376,3,5,0.8,0.811527062036475,0.605974734015035,9,376,"Exp1",15,-0.194025265984965,1,"2","2"
"377",377,3,9,2.01815139660892,2.03467386537886,1.86986340692602,9,377,"Exp1",15,-0.1482879896829,1,"2","2"
"378",378,3,4,0.672717132202972,0.682160484419001,0.837956857492827,9,378,"Exp1",15,0.165239725289855,1,"2","2"
"379",379,3,3,0.565685424949238,0.576296810027998,0.581900204953854,9,379,"Exp1",15,0.016214780004616,1,"2","2"
"380",380,3,5,0.8,0.811530794089776,0.829861727506795,9,380,"Exp1",15,0.0298617275067949,1,"2","2"
"381",381,3,7,1.42704853800327,1.44666898883224,1.58989456955533,9,381,"Exp1",15,0.16284603155206,1,"2","2"
"382",382,3,8,1.69705627484772,1.70524322088386,2.10182811416234,9,382,"Exp1",15,0.40477183931462,1,"2","2"
"383",383,3,10,2.4,2.41105651258476,2.22193485082971,9,383,"Exp1",15,-0.17806514917029,1,"2","2"
"384",384,3,4,0.672717132202972,0.682117876836855,0.645870049978839,9,384,"Exp1",16,-0.026847082224133,1,"2","2"
"385",385,3,10,2.4,2.41106490969833,2.14988884707782,9,385,"Exp1",16,-0.25011115292218,1,"2","2"
"386",386,3,1,0.4,0.411616942266846,0.573862921763066,9,386,"Exp1",16,0.173862921763066,1,"2","2"
"387",387,3,4,0.672717132202972,0.682155819358741,0.557930484326789,9,387,"Exp1",16,-0.114786647876183,1,"2","2"
"388",388,3,8,1.69705627484772,1.71713882297263,1.50184148734843,9,388,"Exp1",16,-0.19521478749929,1,"2","2"
"389",389,3,2,0.475682846001088,0.493954077111994,0.549987746431725,9,389,"Exp1",16,0.074304900430637,1,"2","2"
"390",390,3,1,0.4,0.41164120060057,0.798006182765675,9,390,"Exp1",16,0.398006182765675,1,"2","2"
"391",391,3,9,2.01815139660892,2.03469097061316,1.39505226426627,9,391,"Exp1",16,-0.62309913234265,1,"2","2"
"392",392,3,10,2.4,2.41102634516938,2.26191382694014,9,392,"Exp1",16,-0.13808617305986,1,"2","2"
"393",393,3,9,2.01815139660892,2.03467386537886,1.98193130538129,9,393,"Exp1",16,-0.03622009122763,1,"2","2"
"394",394,3,8,1.69705627484772,1.71715748322822,1.77388904611871,9,394,"Exp1",16,0.07683277127099,1,"2","2"
"395",395,3,5,0.8,0.811505291738285,0.925888648034743,9,395,"Exp1",16,0.125888648034743,1,"2","2"
"396",396,3,5,0.8,0.811510889816418,0.861964520634501,9,396,"Exp1",16,0.061964520634501,1,"2","2"
"397",397,3,5,0.8,0.811515243873146,0.797908838430885,9,397,"Exp1",16,-0.00209116156911504,1,"2","2"
"398",398,3,6,1.2,1.21142069857524,1.40591844224036,9,398,"Exp1",16,0.20591844224036,1,"2","2"
"399",399,3,3,0.565685424949238,0.576322623383021,0.797989699542086,9,399,"Exp1",16,0.232304274592848,1,"2","2"
"400",400,3,6,1.2,1.21157340166974,1.3201226289857,9,400,"Exp1",16,0.1201226289857,1,"2","2"
"401",401,3,3,0.565685424949238,0.57630396312743,0.597938694842014,9,401,"Exp1",16,0.032253269892776,1,"2","2"
"402",402,3,5,0.8,0.811523329983174,0.00593927953013917,9,402,"Exp1",16,-0.794060720469861,1,"2","2"
"403",403,3,6,1.2,1.21137249291496,0.00508743885075091,9,403,"Exp1",16,-1.19491256114925,1,"2","2"
"404",404,3,2,0.475682846001088,0.49397833544208,0.637877862409368,9,404,"Exp1",16,0.16219501640828,1,"2","2"
"405",405,3,8,1.69705627484772,1.71714597607206,1.5179284939004,9,405,"Exp1",16,-0.17912778094732,1,"2","2"
"406",406,3,7,1.42704853800327,1.44663571137426,1.48591682502229,9,406,"Exp1",16,0.05886828701902,1,"2","2"
"407",407,3,1,0.4,0.41164275562187,0.533977868937654,9,407,"Exp1",16,0.133977868937654,1,"2","2"
"408",408,3,10,2.4,2.41104313940014,2.50194722880042,9,408,"Exp1",17,0.10194722880042,1,"2","2"
"409",409,3,9,2.01815139660892,2.03472051601784,1.90193976469527,9,409,"Exp1",17,-0.11621163191365,1,"2","2"
"410",410,3,2,0.475682846001088,0.493933239824401,0.517970168471948,9,410,"Exp1",17,0.04228732247086,1,"2","2"
"411",411,3,4,0.672717132202972,0.682138092110108,0.781870970549789,9,411,"Exp1",17,0.109153838346817,1,"2","2"
"412",412,3,2,0.475682846001088,0.493972426364053,0.501917994395626,9,412,"Exp1",17,0.026235148394538,1,"2","2"
"413",413,3,7,1.42704853800327,1.44665779267962,1.79782020221683,9,413,"Exp1",17,0.37077166421356,1,"2","2"
"414",414,3,4,0.672717132202972,0.682138092113746,0.693946644110838,9,414,"Exp1",17,0.0212295119078659,1,"2","2"
"415",415,3,3,0.565685424949238,0.576281259815005,0.557899072900909,9,415,"Exp1",17,-0.007786352048329,1,"2","2"
"416",416,3,9,2.01815139660892,2.03470061174448,2.05389707002905,9,416,"Exp1",17,0.0357456734201302,1,"2","2"
"417",417,3,1,0.4,0.411774310425244,0.477970666077454,9,417,"Exp1",17,0.077970666077454,1,"2","2"
"418",418,3,6,1.2,1.21140017229482,1.72587340882819,9,418,"Exp1",17,0.52587340882819,1,"2","2"
"419",419,3,3,0.565685424949238,0.576304274130962,0.629974311046681,9,419,"Exp1",17,0.064288886097443,1,"2","2"
"420",420,3,7,1.42704853800327,1.44663571137426,1.54987080883075,9,420,"Exp1",17,0.12282227082748,1,"2","2"
"421",421,3,1,0.4,0.4116530187639,0.637894345632958,9,421,"Exp1",17,0.237894345632958,1,"2","2"
"422",422,3,10,2.4,2.4110605556416,1.84590270542685,9,422,"Exp1",17,-0.55409729457315,1,"2","2"
"423",423,3,9,2.01815139660892,2.03469812370895,1.54195450629777,9,423,"Exp1",17,-0.47619689031115,1,"2","2"
"424",424,3,1,0.4,0.411637779554439,0.709914225026296,9,424,"Exp1",17,0.309914225026296,1,"2","2"
"425",425,3,10,2.4,2.41103163224398,1.62983840218294,9,425,"Exp1",17,-0.77016159781706,1,"2","2"
"426",426,3,8,1.69705627484772,1.7171400669904,1.98192850634223,9,426,"Exp1",17,0.28487223149451,1,"2","2"
"427",427,3,9,2.01815139660892,2.03476312360362,1.77381813714965,9,427,"Exp1",17,-0.24433325945927,1,"2","2"
"428",428,3,8,1.69705627484772,1.71704396667337,1.70188813798813,9,428,"Exp1",17,0.00483186314041006,1,"2","2"
"429",429,3,4,0.672717132202972,0.682149910273438,0.845904571451683,9,429,"Exp1",17,0.173187439248711,1,"2","2"
"430",430,3,5,0.8,0.811508401780884,0.853968290008197,9,430,"Exp1",17,0.0539682900081969,1,"2","2"
"431",431,3,2,0.475682846001088,0.493983311513148,0.605837270129996,9,431,"Exp1",17,0.130154424128908,1,"2","2"
"432",432,3,3,0.565685424949238,0.576337862592482,0.493879156183539,9,432,"Exp1",18,-0.071806268765699,1,"2","2"
"433",433,3,7,1.42704853800327,1.44653681201817,1.70985482321339,9,433,"Exp1",18,0.28280628521012,1,"2","2"
"434",434,3,6,1.2,1.21139301919902,1.41386802223133,9,434,"Exp1",18,0.21386802223133,1,"2","2"
"435",435,3,3,0.565685424949238,0.576287479900202,0.977169830097409,9,435,"Exp1",18,0.411484405148171,1,"2","2"
"436",436,3,7,1.42704853800327,1.44664970656959,1.63787941743067,9,436,"Exp1",18,0.2108308794274,1,"2","2"
"437",437,3,3,0.565685424949238,0.576289345928672,0.477914685314317,9,437,"Exp1",18,-0.087770739634921,1,"2","2"
"438",438,3,2,0.475682846001088,0.493975847410184,0.469955153184856,9,438,"Exp1",18,-0.00572769281623203,1,"2","2"
"439",439,3,6,1.2,1.21140483736235,1.35794696755693,9,439,"Exp1",18,0.15794696755693,1,"2","2"
"440",440,3,8,1.69705627484772,1.7171416220117,1.02194760200291,9,440,"Exp1",18,-0.67510867284481,1,"2","2"
"441",441,3,1,0.4,0.411610411178117,0.469957019213325,9,441,"Exp1",18,0.069957019213325,1,"2","2"
"442",442,3,10,2.4,2.41104251739307,2.29384961077812,9,442,"Exp1",18,-0.10615038922188,1,"2","2"
"443",443,3,3,0.565685424949238,0.576280015800876,0.669960129256651,9,443,"Exp1",18,0.104274704307413,1,"2","2"
"444",444,3,6,1.2,1.21141012443331,1.50997735889177,9,444,"Exp1",18,0.30997735889177,1,"2","2"
"445",445,3,9,2.01815139660892,2.03467853044276,1.6859426383744,9,445,"Exp1",18,-0.33220875823452,1,"2","2"
"446",446,3,5,0.8,0.811506224748882,0.805938968525879,9,446,"Exp1",18,0.00593896852587894,1,"2","2"
"447",447,3,2,0.475682846001088,0.493831852432777,0.525912595363479,9,447,"Exp1",18,0.050229749362391,1,"2","2"
"448",448,3,5,0.8,0.811508712784416,0.758018809541682,9,448,"Exp1",18,-0.0419811904583181,1,"2","2"
"449",449,3,1,0.4,0.41164306662904,0.461943994352623,9,449,"Exp1",18,0.061943994352623,1,"2","2"
"450",450,3,7,1.42704853800327,1.4466126970583,1.32586967677707,9,450,"Exp1",18,-0.1011788612262,1,"2","2"
"451",451,3,6,1.2,1.21140390434812,1.68588261455443,9,451,"Exp1",18,0.48588261455443,1,"2","2"
"452",452,3,5,0.8,0.811504980731115,0.893960639303259,9,452,"Exp1",18,0.0939606393032589,1,"2","2"
"453",453,3,4,0.672717132202972,0.682136848095979,0.757924886253022,9,453,"Exp1",18,0.08520775405005,1,"2","2"
"454",454,3,4,0.672717132202972,0.682134982071148,0.669892330326547,9,454,"Exp1",18,-0.00282480187642498,1,"2","2"
"455",455,3,9,2.01815139660892,2.03469190362739,1.96598082970013,9,455,"Exp1",18,-0.05217056690879,1,"2","2"
"456",456,3,4,0.672717132202972,0.682139647135045,0.702059501334588,9,456,"Exp1",19,0.029342369131616,1,"2","2"
"457",457,3,10,2.4,2.4110636656842,2.24597641343644,9,457,"Exp1",19,-0.15402358656356,1,"2","2"
"458",458,3,7,1.42704853800327,1.44663819940979,1.42995378476917,9,458,"Exp1",19,0.00290524676589987,1,"2","2"
"459",459,3,8,1.69705627484772,1.717145354065,1.59805345541463,9,459,"Exp1",19,-0.0990028194330901,1,"2","2"
"460",460,3,2,0.475682846001088,0.49398362251668,0.653868768640677,9,460,"Exp1",19,0.178185922639589,1,"2","2"
"461",461,3,1,0.4,0.41162098532368,0.685990222027613,9,461,"Exp1",19,0.285990222027613,1,"2","2"
"462",462,3,7,1.42704853800327,1.44661207505123,1.50189498008331,9,462,"Exp1",19,0.0748464420800399,1,"2","2"
"463",463,3,7,1.42704853800327,1.44661114204064,1.98190269298721,9,463,"Exp1",19,0.55485415498394,1,"2","2"
"464",464,3,3,0.565685424949238,0.576297121035168,0.581908602071053,9,464,"Exp1",19,0.016223177121815,1,"2","2"
"465",465,3,6,1.2,1.21144371289483,1.25388400785232,9,465,"Exp1",19,0.0538840078523199,1,"2","2"
"466",466,3,7,1.42704853800327,1.44663322334236,1.18997760769707,9,466,"Exp1",19,-0.2370709303062,1,"2","2"
"467",467,3,4,0.672717132202972,0.682167637518432,0.701864812665008,9,467,"Exp1",19,0.029147680462036,1,"2","2"
"468",468,3,3,0.565685424949238,0.576269130648143,0.693887864304997,9,468,"Exp1",19,0.128202439355759,1,"2","2"
"469",469,3,9,2.01815139660892,2.03470372178708,1.38188341072237,9,469,"Exp1",19,-0.63626798588655,1,"2","2"
"470",470,3,6,1.2,1.21138617710676,1.26195301347616,9,470,"Exp1",19,0.0619530134761601,1,"2","2"
"471",471,3,9,2.01815139660892,2.03468692755632,1.82986856959906,9,471,"Exp1",19,-0.18828282700986,1,"2","2"
"472",472,3,8,1.69705627484772,1.71713633494073,1.93396169671905,9,472,"Exp1",19,0.23690542187133,1,"2","2"
"473",473,3,2,0.475682846001088,0.493983311513148,0.533922510177945,9,473,"Exp1",19,0.058239664176857,1,"2","2"
"474",474,3,8,1.69705627484772,1.71716059327082,1.34990035423471,9,474,"Exp1",19,-0.34715592061301,1,"2","2"
"475",475,3,6,1.2,1.21139675125232,1.26989170831803,9,475,"Exp1",19,0.0698917083180302,1,"2","2"
"476",476,3,5,0.8,0.811487564493291,1.18997449765448,9,476,"Exp1",19,0.38997449765448,1,"2","2"
"477",477,3,10,2.4,2.41104718245697,2.34989724419211,9,477,"Exp1",19,-0.0501027558078899,1,"2","2"
"478",478,3,10,2.4,2.41104034036107,2.4139261800301,9,478,"Exp1",19,0.0139261800301003,1,"2","2"
"479",479,3,5,0.8,0.811508401780884,0.917896460461634,9,479,"Exp1",19,0.117896460461634,1,"2","2"
"480",480,3,8,1.69705627484772,1.71709310534789,1.59787276193674,9,480,"Exp1",20,-0.0991835129109799,1,"2","2"
"481",481,3,3,0.565685424949238,0.576286235882435,0.669906947525305,9,481,"Exp1",20,0.104221522576067,1,"2","2"
"482",482,3,7,1.42704853800327,1.44664659652335,1.34834253387817,9,482,"Exp1",20,-0.0787060041251,1,"2","2"
"483",483,3,3,0.565685424949238,0.57627068567308,0.5976712311749,9,483,"Exp1",20,0.0319858062256619,1,"2","2"
"484",484,3,1,0.4,0.411626894405345,0.622012601896131,9,484,"Exp1",20,0.222012601896131,1,"2","2"
"485",485,3,2,0.475682846001088,0.493992641637305,0.389983205772296,9,485,"Exp1",20,-0.085699640228792,1,"2","2"
"486",486,3,9,2.01815139660892,2.03469719069835,1.58989705759086,9,486,"Exp1",20,-0.42825433901806,1,"2","2"
"487",487,3,2,0.475682846001088,0.494044890354417,0.621939826898597,9,487,"Exp1",20,0.146256980897509,1,"2","2"
"488",488,3,4,0.672717132202972,0.682204958029615,0.66189174563624,9,488,"Exp1",20,-0.010825386566732,1,"2","2"
"489",489,3,8,1.69705627484772,1.71702997148168,2.21393022308621,9,489,"Exp1",20,0.51687394823849,1,"2","2"
"490",490,3,10,2.4,2.4110599336309,2.66189703271084,9,490,"Exp1",20,0.26189703271084,1,"2","2"
"491",491,3,6,1.2,1.21142318661077,1.24593411685782,9,491,"Exp1",20,0.04593411685782,1,"2","2"
"492",492,3,2,0.475682846001088,0.493975225399481,0.613877663363382,9,492,"Exp1",20,0.138194817362294,1,"2","2"
"493",493,3,10,2.4,2.4110481154712,2.14187488920652,9,493,"Exp1",20,-0.25812511079348,1,"2","2"
"494",494,3,9,2.01815139660892,2.03469874571965,1.57385296962821,9,494,"Exp1",20,-0.44429842698071,1,"2","2"
"495",495,3,5,0.8,0.811509334795119,0.669945512054255,9,495,"Exp1",20,-0.130054487945745,1,"2","2"
"496",496,3,4,0.672717132202972,0.68215053228414,0.877909087234002,9,496,"Exp1",20,0.20519195503103,1,"2","2"
"497",497,3,1,0.4,0.411619119298848,0.573854213642335,9,497,"Exp1",20,0.173854213642335,1,"2","2"
"498",498,3,5,0.8,0.811500004663685,0.661993755034928,9,498,"Exp1",20,-0.138006244965072,1,"2","2"
"499",499,3,1,0.4,0.411657061820733,0.621953200079588,9,499,"Exp1",20,0.221953200079588,1,"2","2"
"500",500,3,4,0.672717132202972,0.682211489121983,0.685912159959116,9,500,"Exp1",20,0.013195027756144,1,"2","2"
